<?xml version="1.0" encoding="UTF-8"?>
<!-- This is a WordPress eXtended RSS file generated by WordPress as an export of your site. -->
<!-- It contains information about your site's posts, pages, comments, categories, and other content. -->
<!-- You may use this file to transfer that content from one site to another. -->
<!-- This file is not intended to serve as a complete backup of your site. -->
<!-- To import this information into a WordPress site follow these steps: -->
<!-- 1. Log in to that site as an administrator. -->
<!-- 2. Go to Tools: Import in the WordPress admin panel. -->
<!-- 3. Install the "WordPress" importer from the list. -->
<!-- 4. Activate & Run Importer. -->
<!-- 5. Upload this file using the form provided on that page. -->
<!-- 6. You will first be asked to map the authors in this export file to users -->
<!--    on the site. For each author, you may choose to map to an -->
<!--    existing user on the site or to create a new user. -->
<!-- 7. WordPress will then import each of the posts, pages, comments, categories, etc. -->
<!--    contained in this file into your site. -->
<!-- generator="WordPress/4.0" created="2014-10-06 15:27" -->
<rss xmlns:excerpt="http://wordpress.org/export/1.2/excerpt/" xmlns:content="http://purl.org/rss/1.0/modules/content/" xmlns:wfw="http://wellformedweb.org/CommentAPI/" xmlns:dc="http://purl.org/dc/elements/1.1/" xmlns:wp="http://wordpress.org/export/1.2/" version="2.0">

<channel>
	<title>Stockholm</title>
	<link>http://demo.select-themes.com/stockholm18</link>
	<description>Clean Multi-Purpose WordPress Theme</description>
	<pubDate>Mon, 06 Oct 2014 15:27:18 +0000</pubDate>
	<language>en-US</language>
	<wp:wxr_version>1.2</wp:wxr_version>
	<wp:base_site_url>http://demo.select-themes.com/stockholm18</wp:base_site_url>
	<wp:base_blog_url>http://demo.select-themes.com/stockholm18</wp:base_blog_url>

	<wp:author><wp:author_id>3</wp:author_id><wp:author_login>raymichael</wp:author_login><wp:author_email>raymichael2014@gmail.com</wp:author_email><wp:author_display_name><![CDATA[Ray Michael]]></wp:author_display_name><wp:author_first_name><![CDATA[Ray]]></wp:author_first_name><wp:author_last_name><![CDATA[Michael]]></wp:author_last_name></wp:author>
	<wp:author><wp:author_id>1</wp:author_id><wp:author_login>admin</wp:author_login><wp:author_email>support@qodeinteractive.com</wp:author_email><wp:author_display_name><![CDATA[admin]]></wp:author_display_name><wp:author_first_name><![CDATA[Select]]></wp:author_first_name><wp:author_last_name><![CDATA[Themes]]></wp:author_last_name></wp:author>

	<wp:category><wp:term_id>17</wp:term_id><wp:category_nicename>art</wp:category_nicename><wp:category_parent/><wp:cat_name><![CDATA[Art]]></wp:cat_name></wp:category>
	<wp:category><wp:term_id>2</wp:term_id><wp:category_nicename>business</wp:category_nicename><wp:category_parent/><wp:cat_name><![CDATA[Business]]></wp:cat_name></wp:category>
	<wp:category><wp:term_id>39</wp:term_id><wp:category_nicename>design</wp:category_nicename><wp:category_parent/><wp:cat_name><![CDATA[Design]]></wp:cat_name></wp:category>
	<wp:category><wp:term_id>40</wp:term_id><wp:category_nicename>music</wp:category_nicename><wp:category_parent/><wp:cat_name><![CDATA[Music]]></wp:cat_name></wp:category>
	<wp:category><wp:term_id>5</wp:term_id><wp:category_nicename>photography</wp:category_nicename><wp:category_parent/><wp:cat_name><![CDATA[Photography]]></wp:cat_name></wp:category>
	<wp:category><wp:term_id>10</wp:term_id><wp:category_nicename>sport</wp:category_nicename><wp:category_parent/><wp:cat_name><![CDATA[Sport]]></wp:cat_name></wp:category>
	<wp:category><wp:term_id>1</wp:term_id><wp:category_nicename>uncategorized</wp:category_nicename><wp:category_parent/><wp:cat_name><![CDATA[Uncategorized]]></wp:cat_name></wp:category>
	<wp:tag><wp:term_id>49</wp:term_id><wp:tag_slug>analysis</wp:tag_slug><wp:tag_name><![CDATA[Analysis]]></wp:tag_name></wp:tag>
	<wp:tag><wp:term_id>17</wp:term_id><wp:tag_slug>art</wp:tag_slug><wp:tag_name><![CDATA[Art]]></wp:tag_name></wp:tag>
	<wp:tag><wp:term_id>48</wp:term_id><wp:tag_slug>articles</wp:tag_slug><wp:tag_name><![CDATA[Articles]]></wp:tag_name></wp:tag>
	<wp:tag><wp:term_id>14</wp:term_id><wp:tag_slug>audio</wp:tag_slug><wp:tag_name><![CDATA[Audio]]></wp:tag_name></wp:tag>
	<wp:tag><wp:term_id>2</wp:term_id><wp:tag_slug>business</wp:tag_slug><wp:tag_name><![CDATA[Business]]></wp:tag_name></wp:tag>
	<wp:tag><wp:term_id>51</wp:term_id><wp:tag_slug>culture</wp:tag_slug><wp:tag_name><![CDATA[Culture]]></wp:tag_name></wp:tag>
	<wp:tag><wp:term_id>16</wp:term_id><wp:tag_slug>development</wp:tag_slug><wp:tag_name><![CDATA[Development]]></wp:tag_name></wp:tag>
	<wp:tag><wp:term_id>55</wp:term_id><wp:tag_slug>ecology</wp:tag_slug><wp:tag_name><![CDATA[Ecology]]></wp:tag_name></wp:tag>
	<wp:tag><wp:term_id>54</wp:term_id><wp:tag_slug>events</wp:tag_slug><wp:tag_name><![CDATA[Events]]></wp:tag_name></wp:tag>
	<wp:tag><wp:term_id>52</wp:term_id><wp:tag_slug>information</wp:tag_slug><wp:tag_name><![CDATA[Information]]></wp:tag_name></wp:tag>
	<wp:tag><wp:term_id>50</wp:term_id><wp:tag_slug>inspiration</wp:tag_slug><wp:tag_name><![CDATA[Inspiration]]></wp:tag_name></wp:tag>
	<wp:tag><wp:term_id>56</wp:term_id><wp:tag_slug>nature</wp:tag_slug><wp:tag_name><![CDATA[Nature]]></wp:tag_name></wp:tag>
	<wp:tag><wp:term_id>7</wp:term_id><wp:tag_slug>opportunities</wp:tag_slug><wp:tag_name><![CDATA[Opportunities]]></wp:tag_name></wp:tag>
	<wp:tag><wp:term_id>57</wp:term_id><wp:tag_slug>science</wp:tag_slug><wp:tag_name><![CDATA[Science]]></wp:tag_name></wp:tag>
	<wp:tag><wp:term_id>10</wp:term_id><wp:tag_slug>sport</wp:tag_slug><wp:tag_name><![CDATA[Sport]]></wp:tag_name></wp:tag>
	<wp:tag><wp:term_id>4</wp:term_id><wp:tag_slug>stress</wp:tag_slug><wp:tag_name><![CDATA[Stress]]></wp:tag_name></wp:tag>
	<wp:tag><wp:term_id>15</wp:term_id><wp:tag_slug>swimming</wp:tag_slug><wp:tag_name><![CDATA[Swimming]]></wp:tag_name></wp:tag>
	<wp:tag><wp:term_id>53</wp:term_id><wp:tag_slug>trends</wp:tag_slug><wp:tag_name><![CDATA[Trends]]></wp:tag_name></wp:tag>
	<wp:tag><wp:term_id>13</wp:term_id><wp:tag_slug>video</wp:tag_slug><wp:tag_name><![CDATA[Video]]></wp:tag_name></wp:tag>
	<wp:tag><wp:term_id>9</wp:term_id><wp:tag_slug>web-design</wp:tag_slug><wp:tag_name><![CDATA[Web Design]]></wp:tag_name></wp:tag>
	<wp:term><wp:term_id>144</wp:term_id><wp:term_taxonomy>product_tag</wp:term_taxonomy><wp:term_slug>armchair</wp:term_slug><wp:term_parent/><wp:term_name><![CDATA[armchair]]></wp:term_name></wp:term>
	<wp:term><wp:term_id>17</wp:term_id><wp:term_taxonomy>portfolio_category</wp:term_taxonomy><wp:term_slug>art</wp:term_slug><wp:term_parent/><wp:term_name><![CDATA[Art]]></wp:term_name></wp:term>
	<wp:term><wp:term_id>136</wp:term_id><wp:term_taxonomy>testimonials_category</wp:term_taxonomy><wp:term_slug>art-2</wp:term_slug><wp:term_parent/><wp:term_name><![CDATA[art]]></wp:term_name></wp:term>
	<wp:term><wp:term_id>118</wp:term_id><wp:term_taxonomy>product_tag</wp:term_taxonomy><wp:term_slug>backpack</wp:term_slug><wp:term_parent/><wp:term_name><![CDATA[Backpack]]></wp:term_name></wp:term>
	<wp:term><wp:term_id>153</wp:term_id><wp:term_taxonomy>product_tag</wp:term_taxonomy><wp:term_slug>bicycle</wp:term_slug><wp:term_parent/><wp:term_name><![CDATA[Bicycle]]></wp:term_name></wp:term>
	<wp:term><wp:term_id>148</wp:term_id><wp:term_taxonomy>product_tag</wp:term_taxonomy><wp:term_slug>briefcase</wp:term_slug><wp:term_parent/><wp:term_name><![CDATA[briefcase]]></wp:term_name></wp:term>
	<wp:term><wp:term_id>2</wp:term_id><wp:term_taxonomy>portfolio_category</wp:term_taxonomy><wp:term_slug>business</wp:term_slug><wp:term_parent/><wp:term_name><![CDATA[Business]]></wp:term_name></wp:term>
	<wp:term><wp:term_id>97</wp:term_id><wp:term_taxonomy>product_tag</wp:term_taxonomy><wp:term_slug>case</wp:term_slug><wp:term_parent/><wp:term_name><![CDATA[Case]]></wp:term_name></wp:term>
	<wp:term><wp:term_id>163</wp:term_id><wp:term_taxonomy>carousels_category</wp:term_taxonomy><wp:term_slug>clients-carousel-dark</wp:term_slug><wp:term_parent/><wp:term_name><![CDATA[Clients Carousel Dark]]></wp:term_name></wp:term>
	<wp:term><wp:term_id>133</wp:term_id><wp:term_taxonomy>carousels_category</wp:term_taxonomy><wp:term_slug>clients-carousel-light</wp:term_slug><wp:term_parent/><wp:term_name><![CDATA[Clients Carousel Light]]></wp:term_name></wp:term>
	<wp:term><wp:term_id>108</wp:term_id><wp:term_taxonomy>product_tag</wp:term_taxonomy><wp:term_slug>cover</wp:term_slug><wp:term_parent/><wp:term_name><![CDATA[Cover]]></wp:term_name></wp:term>
	<wp:term><wp:term_id>123</wp:term_id><wp:term_taxonomy>product_tag</wp:term_taxonomy><wp:term_slug>crystal</wp:term_slug><wp:term_parent/><wp:term_name><![CDATA[Crystal]]></wp:term_name></wp:term>
	<wp:term><wp:term_id>23</wp:term_id><wp:term_taxonomy>product_type</wp:term_taxonomy><wp:term_slug>external</wp:term_slug><wp:term_parent/><wp:term_name><![CDATA[external]]></wp:term_name></wp:term>
	<wp:term><wp:term_id>138</wp:term_id><wp:term_taxonomy>portfolio_category</wp:term_taxonomy><wp:term_slug>fashion</wp:term_slug><wp:term_parent/><wp:term_name><![CDATA[Fashion]]></wp:term_name></wp:term>
	<wp:term><wp:term_id>114</wp:term_id><wp:term_taxonomy>product_tag</wp:term_taxonomy><wp:term_slug>flat-heel</wp:term_slug><wp:term_parent/><wp:term_name><![CDATA[Flat Heel]]></wp:term_name></wp:term>
	<wp:term><wp:term_id>116</wp:term_id><wp:term_taxonomy>product_tag</wp:term_taxonomy><wp:term_slug>footwear</wp:term_slug><wp:term_parent/><wp:term_name><![CDATA[Footwear]]></wp:term_name></wp:term>
	<wp:term><wp:term_id>147</wp:term_id><wp:term_taxonomy>product_tag</wp:term_taxonomy><wp:term_slug>gift-bag</wp:term_slug><wp:term_parent/><wp:term_name><![CDATA[gift bag]]></wp:term_name></wp:term>
	<wp:term><wp:term_id>96</wp:term_id><wp:term_taxonomy>product_tag</wp:term_taxonomy><wp:term_slug>glasses</wp:term_slug><wp:term_parent/><wp:term_name><![CDATA[Glasses]]></wp:term_name></wp:term>
	<wp:term><wp:term_id>21</wp:term_id><wp:term_taxonomy>product_type</wp:term_taxonomy><wp:term_slug>grouped</wp:term_slug><wp:term_parent/><wp:term_name><![CDATA[grouped]]></wp:term_name></wp:term>
	<wp:term><wp:term_id>101</wp:term_id><wp:term_taxonomy>product_tag</wp:term_taxonomy><wp:term_slug>handbag</wp:term_slug><wp:term_parent/><wp:term_name><![CDATA[Handbag]]></wp:term_name></wp:term>
	<wp:term><wp:term_id>68</wp:term_id><wp:term_taxonomy>product_tag</wp:term_taxonomy><wp:term_slug>headphones</wp:term_slug><wp:term_parent/><wp:term_name><![CDATA[Headphones]]></wp:term_name></wp:term>
	<wp:term><wp:term_id>74</wp:term_id><wp:term_taxonomy>product_tag</wp:term_taxonomy><wp:term_slug>iphone</wp:term_slug><wp:term_parent/><wp:term_name><![CDATA[iPhone]]></wp:term_name></wp:term>
	<wp:term><wp:term_id>150</wp:term_id><wp:term_taxonomy>product_tag</wp:term_taxonomy><wp:term_slug>lamp</wp:term_slug><wp:term_parent/><wp:term_name><![CDATA[lamp]]></wp:term_name></wp:term>
	<wp:term><wp:term_id>63</wp:term_id><wp:term_taxonomy>product_tag</wp:term_taxonomy><wp:term_slug>laptop</wp:term_slug><wp:term_parent/><wp:term_name><![CDATA[Laptop]]></wp:term_name></wp:term>
	<wp:term><wp:term_id>100</wp:term_id><wp:term_taxonomy>product_tag</wp:term_taxonomy><wp:term_slug>leather</wp:term_slug><wp:term_parent/><wp:term_name><![CDATA[Leather]]></wp:term_name></wp:term>
	<wp:term><wp:term_id>33</wp:term_id><wp:term_taxonomy>product_tag</wp:term_taxonomy><wp:term_slug>mountain</wp:term_slug><wp:term_parent/><wp:term_name><![CDATA[Mountain]]></wp:term_name></wp:term>
	<wp:term><wp:term_id>40</wp:term_id><wp:term_taxonomy>product_tag</wp:term_taxonomy><wp:term_slug>music</wp:term_slug><wp:term_parent/><wp:term_name><![CDATA[Music]]></wp:term_name></wp:term>
	<wp:term><wp:term_id>152</wp:term_id><wp:term_taxonomy>product_tag</wp:term_taxonomy><wp:term_slug>musical-instrument</wp:term_slug><wp:term_parent/><wp:term_name><![CDATA[musical instrument]]></wp:term_name></wp:term>
	<wp:term><wp:term_id>122</wp:term_id><wp:term_taxonomy>product_tag</wp:term_taxonomy><wp:term_slug>necklace</wp:term_slug><wp:term_parent/><wp:term_name><![CDATA[Necklace]]></wp:term_name></wp:term>
	<wp:term><wp:term_id>5</wp:term_id><wp:term_taxonomy>portfolio_category</wp:term_taxonomy><wp:term_slug>photography</wp:term_slug><wp:term_parent/><wp:term_name><![CDATA[Photography]]></wp:term_name></wp:term>
	<wp:term><wp:term_id>162</wp:term_id><wp:term_taxonomy>slides_category</wp:term_taxonomy><wp:term_slug>photography-slider</wp:term_slug><wp:term_parent/><wp:term_name><![CDATA[Photography Slider]]></wp:term_name></wp:term>
	<wp:term><wp:term_id>64</wp:term_id><wp:term_taxonomy>product_tag</wp:term_taxonomy><wp:term_slug>quad-core</wp:term_slug><wp:term_parent/><wp:term_name><![CDATA[Quad-Core]]></wp:term_name></wp:term>
	<wp:term><wp:term_id>73</wp:term_id><wp:term_taxonomy>product_tag</wp:term_taxonomy><wp:term_slug>rooter</wp:term_slug><wp:term_parent/><wp:term_name><![CDATA[Rooter]]></wp:term_name></wp:term>
	<wp:term><wp:term_id>119</wp:term_id><wp:term_taxonomy>product_tag</wp:term_taxonomy><wp:term_slug>rucksack</wp:term_slug><wp:term_parent/><wp:term_name><![CDATA[Rucksack]]></wp:term_name></wp:term>
	<wp:term><wp:term_id>34</wp:term_id><wp:term_taxonomy>product_tag</wp:term_taxonomy><wp:term_slug>running</wp:term_slug><wp:term_parent/><wp:term_name><![CDATA[Running]]></wp:term_name></wp:term>
	<wp:term><wp:term_id>151</wp:term_id><wp:term_taxonomy>product_tag</wp:term_taxonomy><wp:term_slug>saxophone</wp:term_slug><wp:term_parent/><wp:term_name><![CDATA[saxophone]]></wp:term_name></wp:term>
	<wp:term><wp:term_id>120</wp:term_id><wp:term_taxonomy>product_tag</wp:term_taxonomy><wp:term_slug>scarf</wp:term_slug><wp:term_parent/><wp:term_name><![CDATA[Scarf]]></wp:term_name></wp:term>
	<wp:term><wp:term_id>36</wp:term_id><wp:term_taxonomy>product_tag</wp:term_taxonomy><wp:term_slug>shirt</wp:term_slug><wp:term_parent/><wp:term_name><![CDATA[Shirt]]></wp:term_name></wp:term>
	<wp:term><wp:term_id>35</wp:term_id><wp:term_taxonomy>product_tag</wp:term_taxonomy><wp:term_slug>shoes</wp:term_slug><wp:term_parent/><wp:term_name><![CDATA[Shoes]]></wp:term_name></wp:term>
	<wp:term><wp:term_id>20</wp:term_id><wp:term_taxonomy>product_type</wp:term_taxonomy><wp:term_slug>simple</wp:term_slug><wp:term_parent/><wp:term_name><![CDATA[simple]]></wp:term_name></wp:term>
	<wp:term><wp:term_id>32</wp:term_id><wp:term_taxonomy>product_tag</wp:term_taxonomy><wp:term_slug>ski</wp:term_slug><wp:term_parent/><wp:term_name><![CDATA[Ski]]></wp:term_name></wp:term>
	<wp:term><wp:term_id>105</wp:term_id><wp:term_taxonomy>product_tag</wp:term_taxonomy><wp:term_slug>sleeve</wp:term_slug><wp:term_parent/><wp:term_name><![CDATA[Sleeve]]></wp:term_name></wp:term>
	<wp:term><wp:term_id>67</wp:term_id><wp:term_taxonomy>product_tag</wp:term_taxonomy><wp:term_slug>smartphone</wp:term_slug><wp:term_parent/><wp:term_name><![CDATA[Smartphone]]></wp:term_name></wp:term>
	<wp:term><wp:term_id>124</wp:term_id><wp:term_taxonomy>product_tag</wp:term_taxonomy><wp:term_slug>stone</wp:term_slug><wp:term_parent/><wp:term_name><![CDATA[Stone]]></wp:term_name></wp:term>
	<wp:term><wp:term_id>103</wp:term_id><wp:term_taxonomy>product_tag</wp:term_taxonomy><wp:term_slug>sunglasses</wp:term_slug><wp:term_parent/><wp:term_name><![CDATA[Sunglasses]]></wp:term_name></wp:term>
	<wp:term><wp:term_id>15</wp:term_id><wp:term_taxonomy>product_tag</wp:term_taxonomy><wp:term_slug>swimming</wp:term_slug><wp:term_parent/><wp:term_name><![CDATA[Swimming]]></wp:term_name></wp:term>
	<wp:term><wp:term_id>149</wp:term_id><wp:term_taxonomy>product_tag</wp:term_taxonomy><wp:term_slug>t-shirt</wp:term_slug><wp:term_parent/><wp:term_name><![CDATA[t-shirt]]></wp:term_name></wp:term>
	<wp:term><wp:term_id>69</wp:term_id><wp:term_taxonomy>product_tag</wp:term_taxonomy><wp:term_slug>tablet</wp:term_slug><wp:term_parent/><wp:term_name><![CDATA[Tablet]]></wp:term_name></wp:term>
	<wp:term><wp:term_id>145</wp:term_id><wp:term_taxonomy>product_tag</wp:term_taxonomy><wp:term_slug>tank-top</wp:term_slug><wp:term_parent/><wp:term_name><![CDATA[tank top]]></wp:term_name></wp:term>
	<wp:term><wp:term_id>106</wp:term_id><wp:term_taxonomy>product_tag</wp:term_taxonomy><wp:term_slug>travel</wp:term_slug><wp:term_parent/><wp:term_name><![CDATA[Travel]]></wp:term_name></wp:term>
	<wp:term><wp:term_id>72</wp:term_id><wp:term_taxonomy>product_tag</wp:term_taxonomy><wp:term_slug>tv</wp:term_slug><wp:term_parent/><wp:term_name><![CDATA[TV]]></wp:term_name></wp:term>
	<wp:term><wp:term_id>99</wp:term_id><wp:term_taxonomy>product_tag</wp:term_taxonomy><wp:term_slug>vanity-case</wp:term_slug><wp:term_parent/><wp:term_name><![CDATA[Vanity Case]]></wp:term_name></wp:term>
	<wp:term><wp:term_id>22</wp:term_id><wp:term_taxonomy>product_type</wp:term_taxonomy><wp:term_slug>variable</wp:term_slug><wp:term_parent/><wp:term_name><![CDATA[variable]]></wp:term_name></wp:term>
	<wp:term><wp:term_id>143</wp:term_id><wp:term_taxonomy>product_tag</wp:term_taxonomy><wp:term_slug>velvet</wp:term_slug><wp:term_parent/><wp:term_name><![CDATA[velvet]]></wp:term_name></wp:term>
	<wp:term><wp:term_id>102</wp:term_id><wp:term_taxonomy>product_tag</wp:term_taxonomy><wp:term_slug>vintage</wp:term_slug><wp:term_parent/><wp:term_name><![CDATA[Vintage]]></wp:term_name></wp:term>
	<wp:term><wp:term_id>110</wp:term_id><wp:term_taxonomy>product_tag</wp:term_taxonomy><wp:term_slug>wallet</wp:term_slug><wp:term_parent/><wp:term_name><![CDATA[Wallet]]></wp:term_name></wp:term>
	<wp:term><wp:term_id>70</wp:term_id><wp:term_taxonomy>product_tag</wp:term_taxonomy><wp:term_slug>watch</wp:term_slug><wp:term_parent/><wp:term_name><![CDATA[Watch]]></wp:term_name></wp:term>
	<wp:term><wp:term_id>71</wp:term_id><wp:term_taxonomy>product_tag</wp:term_taxonomy><wp:term_slug>wifi</wp:term_slug><wp:term_parent/><wp:term_name><![CDATA[WiFi]]></wp:term_name></wp:term>
	<wp:term><wp:term_id>37</wp:term_id><wp:term_taxonomy>product_tag</wp:term_taxonomy><wp:term_slug>workout</wp:term_slug><wp:term_parent/><wp:term_name><![CDATA[Workout]]></wp:term_name></wp:term>
	<wp:term><wp:term_id>146</wp:term_id><wp:term_taxonomy>product_tag</wp:term_taxonomy><wp:term_slug>yellow</wp:term_slug><wp:term_parent/><wp:term_name><![CDATA[yellow]]></wp:term_name></wp:term>
	<wp:term><wp:term_id>121</wp:term_id><wp:term_taxonomy>product_cat</wp:term_taxonomy><wp:term_slug>accessories</wp:term_slug><wp:term_parent/><wp:term_name><![CDATA[Accessories]]></wp:term_name></wp:term>
	<wp:term><wp:term_id>95</wp:term_id><wp:term_taxonomy>product_cat</wp:term_taxonomy><wp:term_slug>cases</wp:term_slug><wp:term_parent/><wp:term_name><![CDATA[Cases]]></wp:term_name></wp:term>
	<wp:term><wp:term_id>117</wp:term_id><wp:term_taxonomy>product_cat</wp:term_taxonomy><wp:term_slug>jackets</wp:term_slug><wp:term_parent/><wp:term_name><![CDATA[Jackets]]></wp:term_name></wp:term>
	<wp:term><wp:term_id>65</wp:term_id><wp:term_taxonomy>product_cat</wp:term_taxonomy><wp:term_slug>other</wp:term_slug><wp:term_parent/><wp:term_name><![CDATA[Other]]></wp:term_name></wp:term>
	<wp:term><wp:term_id>113</wp:term_id><wp:term_taxonomy>product_cat</wp:term_taxonomy><wp:term_slug>swimwear</wp:term_slug><wp:term_parent/><wp:term_name><![CDATA[Swimwear]]></wp:term_name></wp:term>
	<wp:term><wp:term_id>109</wp:term_id><wp:term_taxonomy>product_cat</wp:term_taxonomy><wp:term_slug>wallets</wp:term_slug><wp:term_parent/><wp:term_name><![CDATA[Wallets]]></wp:term_name></wp:term>
	<wp:term><wp:term_id>125</wp:term_id><wp:term_taxonomy>product_cat</wp:term_taxonomy><wp:term_slug>watches</wp:term_slug><wp:term_parent/><wp:term_name><![CDATA[Watches]]></wp:term_name></wp:term>
	<wp:term><wp:term_id>77</wp:term_id><wp:term_taxonomy>nav_menu</wp:term_taxonomy><wp:term_slug>top_menu</wp:term_slug><wp:term_name><![CDATA[top_menu]]></wp:term_name></wp:term>
	<wp:term><wp:term_id>165</wp:term_id><wp:term_taxonomy>nav_menu</wp:term_taxonomy><wp:term_slug>top_menu_full_content</wp:term_slug><wp:term_name><![CDATA[top_menu_full_content]]></wp:term_name></wp:term>

	<generator>http://wordpress.org/?v=4.0</generator>

	<item>
				<title>b-jeffrey-veen</title>
		<link>http://demo.select-themes.com/stockholm18/john-veen-quote/b-jeffrey-veen/</link>
		<pubDate>Tue, 29 Oct 2013 10:10:47 +0000</pubDate>
		<dc:creator><![CDATA[admin]]></dc:creator>
		<guid isPermaLink="false">http://demo.select-themes.com/stockholm18/wp-content/uploads/2013/10/b-jeffrey-veen.jpg</guid>
		<description/>
		<content:encoded><![CDATA[]]></content:encoded>
		<excerpt:encoded><![CDATA[]]></excerpt:encoded>
		<wp:post_id>2810</wp:post_id>
		<wp:post_date>2013-10-29 10:10:47</wp:post_date>
		<wp:post_date_gmt>2013-10-29 10:10:47</wp:post_date_gmt>
		<wp:comment_status>open</wp:comment_status>
		<wp:ping_status>open</wp:ping_status>
		<wp:post_name>b-jeffrey-veen</wp:post_name>
		<wp:status>inherit</wp:status>
		<wp:post_parent>38</wp:post_parent>
		<wp:menu_order>0</wp:menu_order>
		<wp:post_type>attachment</wp:post_type>
		<wp:post_password/>
		<wp:is_sticky>0</wp:is_sticky>
		<wp:attachment_url>http://demo.select-themes.com/stockholm18/wp-content/uploads/2013/10/b-jeffrey-veen.jpg</wp:attachment_url>
		<wp:postmeta>
			<wp:meta_key>_wp_attached_file</wp:meta_key>
			<wp:meta_value><![CDATA[2013/10/b-jeffrey-veen.jpg]]></wp:meta_value>
		</wp:postmeta>
		<wp:postmeta>
			<wp:meta_key>_wp_attachment_metadata</wp:meta_key>
			<wp:meta_value><![CDATA[a:5:{s:5:"width";i:1100;s:6:"height";i:825;s:4:"file";s:26:"2013/10/b-jeffrey-veen.jpg";s:5:"sizes";a:19:{s:9:"thumbnail";a:4:{s:4:"file";s:26:"b-jeffrey-veen-150x150.jpg";s:5:"width";i:150;s:6:"height";i:150;s:9:"mime-type";s:10:"image/jpeg";}s:6:"medium";a:4:{s:4:"file";s:26:"b-jeffrey-veen-300x224.jpg";s:5:"width";i:300;s:6:"height";i:224;s:9:"mime-type";s:10:"image/jpeg";}s:5:"large";a:4:{s:4:"file";s:27:"b-jeffrey-veen-1024x768.jpg";s:5:"width";i:1024;s:6:"height";i:768;s:9:"mime-type";s:10:"image/jpeg";}s:16:"portfolio-square";a:4:{s:4:"file";s:26:"b-jeffrey-veen-550x550.jpg";s:5:"width";i:550;s:6:"height";i:550;s:9:"mime-type";s:10:"image/jpeg";}s:19:"portfolio-landscape";a:4:{s:4:"file";s:26:"b-jeffrey-veen-800x600.jpg";s:5:"width";i:800;s:6:"height";i:600;s:9:"mime-type";s:10:"image/jpeg";}s:18:"portfolio-portrait";a:4:{s:4:"file";s:26:"b-jeffrey-veen-600x800.jpg";s:5:"width";i:600;s:6:"height";i:800;s:9:"mime-type";s:10:"image/jpeg";}s:17:"portfolio-default";a:4:{s:4:"file";s:26:"b-jeffrey-veen-550x498.jpg";s:5:"width";i:550;s:6:"height";i:498;s:9:"mime-type";s:10:"image/jpeg";}s:18:"menu-featured-post";a:4:{s:4:"file";s:26:"b-jeffrey-veen-345x198.jpg";s:5:"width";i:345;s:6:"height";i:198;s:9:"mime-type";s:10:"image/jpeg";}s:20:"qode-carousel_slider";a:4:{s:4:"file";s:26:"b-jeffrey-veen-400x260.jpg";s:5:"width";i:400;s:6:"height";i:260;s:9:"mime-type";s:10:"image/jpeg";}s:16:"portfolio_slider";a:4:{s:4:"file";s:26:"b-jeffrey-veen-480x434.jpg";s:5:"width";i:480;s:6:"height";i:434;s:9:"mime-type";s:10:"image/jpeg";}s:25:"portfolio_masonry_regular";a:4:{s:4:"file";s:26:"b-jeffrey-veen-500x500.jpg";s:5:"width";i:500;s:6:"height";i:500;s:9:"mime-type";s:10:"image/jpeg";}s:22:"portfolio_masonry_wide";a:4:{s:4:"file";s:27:"b-jeffrey-veen-1000x500.jpg";s:5:"width";i:1000;s:6:"height";i:500;s:9:"mime-type";s:10:"image/jpeg";}s:22:"portfolio_masonry_tall";a:4:{s:4:"file";s:26:"b-jeffrey-veen-500x825.jpg";s:5:"width";i:500;s:6:"height";i:825;s:9:"mime-type";s:10:"image/jpeg";}s:23:"portfolio_masonry_large";a:4:{s:4:"file";s:27:"b-jeffrey-veen-1000x825.jpg";s:5:"width";i:1000;s:6:"height";i:825;s:9:"mime-type";s:10:"image/jpeg";}s:28:"portfolio_masonry_with_space";a:4:{s:4:"file";s:26:"b-jeffrey-veen-700x525.jpg";s:5:"width";i:700;s:6:"height";i:525;s:9:"mime-type";s:10:"image/jpeg";}s:23:"latest_post_small_image";a:4:{s:4:"file";s:26:"b-jeffrey-veen-125x112.jpg";s:5:"width";i:125;s:6:"height";i:112;s:9:"mime-type";s:10:"image/jpeg";}s:14:"shop_thumbnail";a:4:{s:4:"file";s:26:"b-jeffrey-veen-170x127.jpg";s:5:"width";i:170;s:6:"height";i:127;s:9:"mime-type";s:10:"image/jpeg";}s:12:"shop_catalog";a:4:{s:4:"file";s:26:"b-jeffrey-veen-254x300.jpg";s:5:"width";i:254;s:6:"height";i:300;s:9:"mime-type";s:10:"image/jpeg";}s:11:"shop_single";a:4:{s:4:"file";s:26:"b-jeffrey-veen-538x538.jpg";s:5:"width";i:538;s:6:"height";i:538;s:9:"mime-type";s:10:"image/jpeg";}}s:10:"image_meta";a:10:{s:8:"aperture";i:0;s:6:"credit";s:0:"";s:6:"camera";s:0:"";s:7:"caption";s:0:"";s:17:"created_timestamp";i:0;s:9:"copyright";s:0:"";s:12:"focal_length";i:0;s:3:"iso";i:0;s:13:"shutter_speed";i:0;s:5:"title";s:0:"";}}]]></wp:meta_value>
		</wp:postmeta>
	</item>

	<item>
				<title>b-inspired-by-italian-lifestyle</title>
		<link>http://demo.select-themes.com/stockholm18/unlocking-brain-secrets/b-inspired-by-italian-lifestyle/</link>
		<pubDate>Tue, 29 Oct 2013 10:12:07 +0000</pubDate>
		<dc:creator><![CDATA[admin]]></dc:creator>
		<guid isPermaLink="false">http://demo.select-themes.com/stockholm18/wp-content/uploads/2013/10/b-inspired-by-italian-lifestyle.jpg</guid>
		<description/>
		<content:encoded><![CDATA[]]></content:encoded>
		<excerpt:encoded><![CDATA[]]></excerpt:encoded>
		<wp:post_id>2811</wp:post_id>
		<wp:post_date>2013-10-29 10:12:07</wp:post_date>
		<wp:post_date_gmt>2013-10-29 10:12:07</wp:post_date_gmt>
		<wp:comment_status>open</wp:comment_status>
		<wp:ping_status>open</wp:ping_status>
		<wp:post_name>b-inspired-by-italian-lifestyle</wp:post_name>
		<wp:status>inherit</wp:status>
		<wp:post_parent>36</wp:post_parent>
		<wp:menu_order>0</wp:menu_order>
		<wp:post_type>attachment</wp:post_type>
		<wp:post_password/>
		<wp:is_sticky>0</wp:is_sticky>
		<wp:attachment_url>http://demo.select-themes.com/stockholm18/wp-content/uploads/2013/10/b-inspired-by-italian-lifestyle.jpg</wp:attachment_url>
		<wp:postmeta>
			<wp:meta_key>_wp_attached_file</wp:meta_key>
			<wp:meta_value><![CDATA[2013/10/b-inspired-by-italian-lifestyle.jpg]]></wp:meta_value>
		</wp:postmeta>
		<wp:postmeta>
			<wp:meta_key>_wp_attachment_metadata</wp:meta_key>
			<wp:meta_value><![CDATA[a:5:{s:5:"width";i:1100;s:6:"height";i:825;s:4:"file";s:43:"2013/10/b-inspired-by-italian-lifestyle.jpg";s:5:"sizes";a:19:{s:9:"thumbnail";a:4:{s:4:"file";s:43:"b-inspired-by-italian-lifestyle-150x150.jpg";s:5:"width";i:150;s:6:"height";i:150;s:9:"mime-type";s:10:"image/jpeg";}s:6:"medium";a:4:{s:4:"file";s:43:"b-inspired-by-italian-lifestyle-300x224.jpg";s:5:"width";i:300;s:6:"height";i:224;s:9:"mime-type";s:10:"image/jpeg";}s:5:"large";a:4:{s:4:"file";s:44:"b-inspired-by-italian-lifestyle-1024x768.jpg";s:5:"width";i:1024;s:6:"height";i:768;s:9:"mime-type";s:10:"image/jpeg";}s:16:"portfolio-square";a:4:{s:4:"file";s:43:"b-inspired-by-italian-lifestyle-550x550.jpg";s:5:"width";i:550;s:6:"height";i:550;s:9:"mime-type";s:10:"image/jpeg";}s:19:"portfolio-landscape";a:4:{s:4:"file";s:43:"b-inspired-by-italian-lifestyle-800x600.jpg";s:5:"width";i:800;s:6:"height";i:600;s:9:"mime-type";s:10:"image/jpeg";}s:18:"portfolio-portrait";a:4:{s:4:"file";s:43:"b-inspired-by-italian-lifestyle-600x800.jpg";s:5:"width";i:600;s:6:"height";i:800;s:9:"mime-type";s:10:"image/jpeg";}s:17:"portfolio-default";a:4:{s:4:"file";s:43:"b-inspired-by-italian-lifestyle-550x498.jpg";s:5:"width";i:550;s:6:"height";i:498;s:9:"mime-type";s:10:"image/jpeg";}s:18:"menu-featured-post";a:4:{s:4:"file";s:43:"b-inspired-by-italian-lifestyle-345x198.jpg";s:5:"width";i:345;s:6:"height";i:198;s:9:"mime-type";s:10:"image/jpeg";}s:20:"qode-carousel_slider";a:4:{s:4:"file";s:43:"b-inspired-by-italian-lifestyle-400x260.jpg";s:5:"width";i:400;s:6:"height";i:260;s:9:"mime-type";s:10:"image/jpeg";}s:16:"portfolio_slider";a:4:{s:4:"file";s:43:"b-inspired-by-italian-lifestyle-480x434.jpg";s:5:"width";i:480;s:6:"height";i:434;s:9:"mime-type";s:10:"image/jpeg";}s:25:"portfolio_masonry_regular";a:4:{s:4:"file";s:43:"b-inspired-by-italian-lifestyle-500x500.jpg";s:5:"width";i:500;s:6:"height";i:500;s:9:"mime-type";s:10:"image/jpeg";}s:22:"portfolio_masonry_wide";a:4:{s:4:"file";s:44:"b-inspired-by-italian-lifestyle-1000x500.jpg";s:5:"width";i:1000;s:6:"height";i:500;s:9:"mime-type";s:10:"image/jpeg";}s:22:"portfolio_masonry_tall";a:4:{s:4:"file";s:43:"b-inspired-by-italian-lifestyle-500x825.jpg";s:5:"width";i:500;s:6:"height";i:825;s:9:"mime-type";s:10:"image/jpeg";}s:23:"portfolio_masonry_large";a:4:{s:4:"file";s:44:"b-inspired-by-italian-lifestyle-1000x825.jpg";s:5:"width";i:1000;s:6:"height";i:825;s:9:"mime-type";s:10:"image/jpeg";}s:28:"portfolio_masonry_with_space";a:4:{s:4:"file";s:43:"b-inspired-by-italian-lifestyle-700x525.jpg";s:5:"width";i:700;s:6:"height";i:525;s:9:"mime-type";s:10:"image/jpeg";}s:23:"latest_post_small_image";a:4:{s:4:"file";s:43:"b-inspired-by-italian-lifestyle-125x112.jpg";s:5:"width";i:125;s:6:"height";i:112;s:9:"mime-type";s:10:"image/jpeg";}s:14:"shop_thumbnail";a:4:{s:4:"file";s:43:"b-inspired-by-italian-lifestyle-170x127.jpg";s:5:"width";i:170;s:6:"height";i:127;s:9:"mime-type";s:10:"image/jpeg";}s:12:"shop_catalog";a:4:{s:4:"file";s:43:"b-inspired-by-italian-lifestyle-254x300.jpg";s:5:"width";i:254;s:6:"height";i:300;s:9:"mime-type";s:10:"image/jpeg";}s:11:"shop_single";a:4:{s:4:"file";s:43:"b-inspired-by-italian-lifestyle-538x538.jpg";s:5:"width";i:538;s:6:"height";i:538;s:9:"mime-type";s:10:"image/jpeg";}}s:10:"image_meta";a:10:{s:8:"aperture";i:0;s:6:"credit";s:0:"";s:6:"camera";s:0:"";s:7:"caption";s:0:"";s:17:"created_timestamp";i:0;s:9:"copyright";s:0:"";s:12:"focal_length";i:0;s:3:"iso";i:0;s:13:"shutter_speed";i:0;s:5:"title";s:0:"";}}]]></wp:meta_value>
		</wp:postmeta>
		<wp:postmeta>
			<wp:meta_key>_qode-like</wp:meta_key>
			<wp:meta_value><![CDATA[0]]></wp:meta_value>
		</wp:postmeta>
	</item>

	<item>
				<title>b-josh-woodward-already-there</title>
		<link>http://demo.select-themes.com/stockholm18/josh-smith-already-there/b-josh-woodward-already-there/</link>
		<pubDate>Tue, 29 Oct 2013 10:12:53 +0000</pubDate>
		<dc:creator><![CDATA[admin]]></dc:creator>
		<guid isPermaLink="false">http://demo.select-themes.com/stockholm18/wp-content/uploads/2013/10/b-josh-woodward-already-there.jpg</guid>
		<description/>
		<content:encoded><![CDATA[]]></content:encoded>
		<excerpt:encoded><![CDATA[]]></excerpt:encoded>
		<wp:post_id>2812</wp:post_id>
		<wp:post_date>2013-10-29 10:12:53</wp:post_date>
		<wp:post_date_gmt>2013-10-29 10:12:53</wp:post_date_gmt>
		<wp:comment_status>open</wp:comment_status>
		<wp:ping_status>open</wp:ping_status>
		<wp:post_name>b-josh-woodward-already-there</wp:post_name>
		<wp:status>inherit</wp:status>
		<wp:post_parent>33</wp:post_parent>
		<wp:menu_order>0</wp:menu_order>
		<wp:post_type>attachment</wp:post_type>
		<wp:post_password/>
		<wp:is_sticky>0</wp:is_sticky>
		<wp:attachment_url>http://demo.select-themes.com/stockholm18/wp-content/uploads/2013/10/b-josh-woodward-already-there.jpg</wp:attachment_url>
		<wp:postmeta>
			<wp:meta_key>_wp_attached_file</wp:meta_key>
			<wp:meta_value><![CDATA[2013/10/b-josh-woodward-already-there.jpg]]></wp:meta_value>
		</wp:postmeta>
		<wp:postmeta>
			<wp:meta_key>_wp_attachment_metadata</wp:meta_key>
			<wp:meta_value><![CDATA[a:5:{s:5:"width";i:1100;s:6:"height";i:825;s:4:"file";s:41:"2013/10/b-josh-woodward-already-there.jpg";s:5:"sizes";a:19:{s:9:"thumbnail";a:4:{s:4:"file";s:41:"b-josh-woodward-already-there-150x150.jpg";s:5:"width";i:150;s:6:"height";i:150;s:9:"mime-type";s:10:"image/jpeg";}s:6:"medium";a:4:{s:4:"file";s:41:"b-josh-woodward-already-there-300x224.jpg";s:5:"width";i:300;s:6:"height";i:224;s:9:"mime-type";s:10:"image/jpeg";}s:5:"large";a:4:{s:4:"file";s:42:"b-josh-woodward-already-there-1024x768.jpg";s:5:"width";i:1024;s:6:"height";i:768;s:9:"mime-type";s:10:"image/jpeg";}s:16:"portfolio-square";a:4:{s:4:"file";s:41:"b-josh-woodward-already-there-550x550.jpg";s:5:"width";i:550;s:6:"height";i:550;s:9:"mime-type";s:10:"image/jpeg";}s:19:"portfolio-landscape";a:4:{s:4:"file";s:41:"b-josh-woodward-already-there-800x600.jpg";s:5:"width";i:800;s:6:"height";i:600;s:9:"mime-type";s:10:"image/jpeg";}s:18:"portfolio-portrait";a:4:{s:4:"file";s:41:"b-josh-woodward-already-there-600x800.jpg";s:5:"width";i:600;s:6:"height";i:800;s:9:"mime-type";s:10:"image/jpeg";}s:17:"portfolio-default";a:4:{s:4:"file";s:41:"b-josh-woodward-already-there-550x498.jpg";s:5:"width";i:550;s:6:"height";i:498;s:9:"mime-type";s:10:"image/jpeg";}s:18:"menu-featured-post";a:4:{s:4:"file";s:41:"b-josh-woodward-already-there-345x198.jpg";s:5:"width";i:345;s:6:"height";i:198;s:9:"mime-type";s:10:"image/jpeg";}s:20:"qode-carousel_slider";a:4:{s:4:"file";s:41:"b-josh-woodward-already-there-400x260.jpg";s:5:"width";i:400;s:6:"height";i:260;s:9:"mime-type";s:10:"image/jpeg";}s:16:"portfolio_slider";a:4:{s:4:"file";s:41:"b-josh-woodward-already-there-480x434.jpg";s:5:"width";i:480;s:6:"height";i:434;s:9:"mime-type";s:10:"image/jpeg";}s:25:"portfolio_masonry_regular";a:4:{s:4:"file";s:41:"b-josh-woodward-already-there-500x500.jpg";s:5:"width";i:500;s:6:"height";i:500;s:9:"mime-type";s:10:"image/jpeg";}s:22:"portfolio_masonry_wide";a:4:{s:4:"file";s:42:"b-josh-woodward-already-there-1000x500.jpg";s:5:"width";i:1000;s:6:"height";i:500;s:9:"mime-type";s:10:"image/jpeg";}s:22:"portfolio_masonry_tall";a:4:{s:4:"file";s:41:"b-josh-woodward-already-there-500x825.jpg";s:5:"width";i:500;s:6:"height";i:825;s:9:"mime-type";s:10:"image/jpeg";}s:23:"portfolio_masonry_large";a:4:{s:4:"file";s:42:"b-josh-woodward-already-there-1000x825.jpg";s:5:"width";i:1000;s:6:"height";i:825;s:9:"mime-type";s:10:"image/jpeg";}s:28:"portfolio_masonry_with_space";a:4:{s:4:"file";s:41:"b-josh-woodward-already-there-700x525.jpg";s:5:"width";i:700;s:6:"height";i:525;s:9:"mime-type";s:10:"image/jpeg";}s:23:"latest_post_small_image";a:4:{s:4:"file";s:41:"b-josh-woodward-already-there-125x112.jpg";s:5:"width";i:125;s:6:"height";i:112;s:9:"mime-type";s:10:"image/jpeg";}s:14:"shop_thumbnail";a:4:{s:4:"file";s:41:"b-josh-woodward-already-there-170x127.jpg";s:5:"width";i:170;s:6:"height";i:127;s:9:"mime-type";s:10:"image/jpeg";}s:12:"shop_catalog";a:4:{s:4:"file";s:41:"b-josh-woodward-already-there-254x300.jpg";s:5:"width";i:254;s:6:"height";i:300;s:9:"mime-type";s:10:"image/jpeg";}s:11:"shop_single";a:4:{s:4:"file";s:41:"b-josh-woodward-already-there-538x538.jpg";s:5:"width";i:538;s:6:"height";i:538;s:9:"mime-type";s:10:"image/jpeg";}}s:10:"image_meta";a:10:{s:8:"aperture";i:0;s:6:"credit";s:0:"";s:6:"camera";s:0:"";s:7:"caption";s:0:"";s:17:"created_timestamp";i:0;s:9:"copyright";s:0:"";s:12:"focal_length";i:0;s:3:"iso";i:0;s:13:"shutter_speed";i:0;s:5:"title";s:0:"";}}]]></wp:meta_value>
		</wp:postmeta>
	</item>

	<item>
				<title>b-portugal-2013-road-trip-gallery</title>
		<link>http://demo.select-themes.com/stockholm18/portugal-summer-gallery/b-portugal-2013-road-trip-gallery/</link>
		<pubDate>Tue, 29 Oct 2013 10:13:44 +0000</pubDate>
		<dc:creator><![CDATA[admin]]></dc:creator>
		<guid isPermaLink="false">http://demo.select-themes.com/stockholm18/wp-content/uploads/2013/10/b-portugal-2013-road-trip-gallery.jpg</guid>
		<description/>
		<content:encoded><![CDATA[]]></content:encoded>
		<excerpt:encoded><![CDATA[]]></excerpt:encoded>
		<wp:post_id>2813</wp:post_id>
		<wp:post_date>2013-10-29 10:13:44</wp:post_date>
		<wp:post_date_gmt>2013-10-29 10:13:44</wp:post_date_gmt>
		<wp:comment_status>open</wp:comment_status>
		<wp:ping_status>open</wp:ping_status>
		<wp:post_name>b-portugal-2013-road-trip-gallery</wp:post_name>
		<wp:status>inherit</wp:status>
		<wp:post_parent>29</wp:post_parent>
		<wp:menu_order>0</wp:menu_order>
		<wp:post_type>attachment</wp:post_type>
		<wp:post_password/>
		<wp:is_sticky>0</wp:is_sticky>
		<wp:attachment_url>http://demo.select-themes.com/stockholm18/wp-content/uploads/2013/10/b-portugal-2013-road-trip-gallery.jpg</wp:attachment_url>
		<wp:postmeta>
			<wp:meta_key>_wp_attached_file</wp:meta_key>
			<wp:meta_value><![CDATA[2013/10/b-portugal-2013-road-trip-gallery.jpg]]></wp:meta_value>
		</wp:postmeta>
		<wp:postmeta>
			<wp:meta_key>_wp_attachment_metadata</wp:meta_key>
			<wp:meta_value><![CDATA[a:5:{s:5:"width";i:1100;s:6:"height";i:825;s:4:"file";s:45:"2013/10/b-portugal-2013-road-trip-gallery.jpg";s:5:"sizes";a:19:{s:9:"thumbnail";a:4:{s:4:"file";s:45:"b-portugal-2013-road-trip-gallery-150x150.jpg";s:5:"width";i:150;s:6:"height";i:150;s:9:"mime-type";s:10:"image/jpeg";}s:6:"medium";a:4:{s:4:"file";s:45:"b-portugal-2013-road-trip-gallery-300x224.jpg";s:5:"width";i:300;s:6:"height";i:224;s:9:"mime-type";s:10:"image/jpeg";}s:5:"large";a:4:{s:4:"file";s:46:"b-portugal-2013-road-trip-gallery-1024x768.jpg";s:5:"width";i:1024;s:6:"height";i:768;s:9:"mime-type";s:10:"image/jpeg";}s:16:"portfolio-square";a:4:{s:4:"file";s:45:"b-portugal-2013-road-trip-gallery-550x550.jpg";s:5:"width";i:550;s:6:"height";i:550;s:9:"mime-type";s:10:"image/jpeg";}s:19:"portfolio-landscape";a:4:{s:4:"file";s:45:"b-portugal-2013-road-trip-gallery-800x600.jpg";s:5:"width";i:800;s:6:"height";i:600;s:9:"mime-type";s:10:"image/jpeg";}s:18:"portfolio-portrait";a:4:{s:4:"file";s:45:"b-portugal-2013-road-trip-gallery-600x800.jpg";s:5:"width";i:600;s:6:"height";i:800;s:9:"mime-type";s:10:"image/jpeg";}s:17:"portfolio-default";a:4:{s:4:"file";s:45:"b-portugal-2013-road-trip-gallery-550x498.jpg";s:5:"width";i:550;s:6:"height";i:498;s:9:"mime-type";s:10:"image/jpeg";}s:18:"menu-featured-post";a:4:{s:4:"file";s:45:"b-portugal-2013-road-trip-gallery-345x198.jpg";s:5:"width";i:345;s:6:"height";i:198;s:9:"mime-type";s:10:"image/jpeg";}s:20:"qode-carousel_slider";a:4:{s:4:"file";s:45:"b-portugal-2013-road-trip-gallery-400x260.jpg";s:5:"width";i:400;s:6:"height";i:260;s:9:"mime-type";s:10:"image/jpeg";}s:16:"portfolio_slider";a:4:{s:4:"file";s:45:"b-portugal-2013-road-trip-gallery-480x434.jpg";s:5:"width";i:480;s:6:"height";i:434;s:9:"mime-type";s:10:"image/jpeg";}s:25:"portfolio_masonry_regular";a:4:{s:4:"file";s:45:"b-portugal-2013-road-trip-gallery-500x500.jpg";s:5:"width";i:500;s:6:"height";i:500;s:9:"mime-type";s:10:"image/jpeg";}s:22:"portfolio_masonry_wide";a:4:{s:4:"file";s:46:"b-portugal-2013-road-trip-gallery-1000x500.jpg";s:5:"width";i:1000;s:6:"height";i:500;s:9:"mime-type";s:10:"image/jpeg";}s:22:"portfolio_masonry_tall";a:4:{s:4:"file";s:45:"b-portugal-2013-road-trip-gallery-500x825.jpg";s:5:"width";i:500;s:6:"height";i:825;s:9:"mime-type";s:10:"image/jpeg";}s:23:"portfolio_masonry_large";a:4:{s:4:"file";s:46:"b-portugal-2013-road-trip-gallery-1000x825.jpg";s:5:"width";i:1000;s:6:"height";i:825;s:9:"mime-type";s:10:"image/jpeg";}s:28:"portfolio_masonry_with_space";a:4:{s:4:"file";s:45:"b-portugal-2013-road-trip-gallery-700x525.jpg";s:5:"width";i:700;s:6:"height";i:525;s:9:"mime-type";s:10:"image/jpeg";}s:23:"latest_post_small_image";a:4:{s:4:"file";s:45:"b-portugal-2013-road-trip-gallery-125x112.jpg";s:5:"width";i:125;s:6:"height";i:112;s:9:"mime-type";s:10:"image/jpeg";}s:14:"shop_thumbnail";a:4:{s:4:"file";s:45:"b-portugal-2013-road-trip-gallery-170x127.jpg";s:5:"width";i:170;s:6:"height";i:127;s:9:"mime-type";s:10:"image/jpeg";}s:12:"shop_catalog";a:4:{s:4:"file";s:45:"b-portugal-2013-road-trip-gallery-254x300.jpg";s:5:"width";i:254;s:6:"height";i:300;s:9:"mime-type";s:10:"image/jpeg";}s:11:"shop_single";a:4:{s:4:"file";s:45:"b-portugal-2013-road-trip-gallery-538x538.jpg";s:5:"width";i:538;s:6:"height";i:538;s:9:"mime-type";s:10:"image/jpeg";}}s:10:"image_meta";a:10:{s:8:"aperture";i:0;s:6:"credit";s:0:"";s:6:"camera";s:0:"";s:7:"caption";s:0:"";s:17:"created_timestamp";i:0;s:9:"copyright";s:0:"";s:12:"focal_length";i:0;s:3:"iso";i:0;s:13:"shutter_speed";i:0;s:5:"title";s:0:"";}}]]></wp:meta_value>
		</wp:postmeta>
	</item>

	<item>
				<title>b-portugal-2013-road-trip-gallery-01</title>
		<link>http://demo.select-themes.com/stockholm18/portugal-summer-gallery/b-portugal-2013-road-trip-gallery-01/</link>
		<pubDate>Tue, 29 Oct 2013 10:14:12 +0000</pubDate>
		<dc:creator><![CDATA[admin]]></dc:creator>
		<guid isPermaLink="false">http://demo.select-themes.com/stockholm18/wp-content/uploads/2013/10/b-portugal-2013-road-trip-gallery-01.jpg</guid>
		<description/>
		<content:encoded><![CDATA[]]></content:encoded>
		<excerpt:encoded><![CDATA[]]></excerpt:encoded>
		<wp:post_id>2814</wp:post_id>
		<wp:post_date>2013-10-29 10:14:12</wp:post_date>
		<wp:post_date_gmt>2013-10-29 10:14:12</wp:post_date_gmt>
		<wp:comment_status>open</wp:comment_status>
		<wp:ping_status>open</wp:ping_status>
		<wp:post_name>b-portugal-2013-road-trip-gallery-01</wp:post_name>
		<wp:status>inherit</wp:status>
		<wp:post_parent>29</wp:post_parent>
		<wp:menu_order>0</wp:menu_order>
		<wp:post_type>attachment</wp:post_type>
		<wp:post_password/>
		<wp:is_sticky>0</wp:is_sticky>
		<wp:attachment_url>http://demo.select-themes.com/stockholm18/wp-content/uploads/2013/10/b-portugal-2013-road-trip-gallery-01.jpg</wp:attachment_url>
		<wp:postmeta>
			<wp:meta_key>_wp_attached_file</wp:meta_key>
			<wp:meta_value><![CDATA[2013/10/b-portugal-2013-road-trip-gallery-01.jpg]]></wp:meta_value>
		</wp:postmeta>
		<wp:postmeta>
			<wp:meta_key>_wp_attachment_metadata</wp:meta_key>
			<wp:meta_value><![CDATA[a:5:{s:5:"width";i:1100;s:6:"height";i:825;s:4:"file";s:48:"2013/10/b-portugal-2013-road-trip-gallery-01.jpg";s:5:"sizes";a:19:{s:9:"thumbnail";a:4:{s:4:"file";s:48:"b-portugal-2013-road-trip-gallery-01-150x150.jpg";s:5:"width";i:150;s:6:"height";i:150;s:9:"mime-type";s:10:"image/jpeg";}s:6:"medium";a:4:{s:4:"file";s:48:"b-portugal-2013-road-trip-gallery-01-300x224.jpg";s:5:"width";i:300;s:6:"height";i:224;s:9:"mime-type";s:10:"image/jpeg";}s:5:"large";a:4:{s:4:"file";s:49:"b-portugal-2013-road-trip-gallery-01-1024x768.jpg";s:5:"width";i:1024;s:6:"height";i:768;s:9:"mime-type";s:10:"image/jpeg";}s:16:"portfolio-square";a:4:{s:4:"file";s:48:"b-portugal-2013-road-trip-gallery-01-550x550.jpg";s:5:"width";i:550;s:6:"height";i:550;s:9:"mime-type";s:10:"image/jpeg";}s:19:"portfolio-landscape";a:4:{s:4:"file";s:48:"b-portugal-2013-road-trip-gallery-01-800x600.jpg";s:5:"width";i:800;s:6:"height";i:600;s:9:"mime-type";s:10:"image/jpeg";}s:18:"portfolio-portrait";a:4:{s:4:"file";s:48:"b-portugal-2013-road-trip-gallery-01-600x800.jpg";s:5:"width";i:600;s:6:"height";i:800;s:9:"mime-type";s:10:"image/jpeg";}s:17:"portfolio-default";a:4:{s:4:"file";s:48:"b-portugal-2013-road-trip-gallery-01-550x498.jpg";s:5:"width";i:550;s:6:"height";i:498;s:9:"mime-type";s:10:"image/jpeg";}s:18:"menu-featured-post";a:4:{s:4:"file";s:48:"b-portugal-2013-road-trip-gallery-01-345x198.jpg";s:5:"width";i:345;s:6:"height";i:198;s:9:"mime-type";s:10:"image/jpeg";}s:20:"qode-carousel_slider";a:4:{s:4:"file";s:48:"b-portugal-2013-road-trip-gallery-01-400x260.jpg";s:5:"width";i:400;s:6:"height";i:260;s:9:"mime-type";s:10:"image/jpeg";}s:16:"portfolio_slider";a:4:{s:4:"file";s:48:"b-portugal-2013-road-trip-gallery-01-480x434.jpg";s:5:"width";i:480;s:6:"height";i:434;s:9:"mime-type";s:10:"image/jpeg";}s:25:"portfolio_masonry_regular";a:4:{s:4:"file";s:48:"b-portugal-2013-road-trip-gallery-01-500x500.jpg";s:5:"width";i:500;s:6:"height";i:500;s:9:"mime-type";s:10:"image/jpeg";}s:22:"portfolio_masonry_wide";a:4:{s:4:"file";s:49:"b-portugal-2013-road-trip-gallery-01-1000x500.jpg";s:5:"width";i:1000;s:6:"height";i:500;s:9:"mime-type";s:10:"image/jpeg";}s:22:"portfolio_masonry_tall";a:4:{s:4:"file";s:48:"b-portugal-2013-road-trip-gallery-01-500x825.jpg";s:5:"width";i:500;s:6:"height";i:825;s:9:"mime-type";s:10:"image/jpeg";}s:23:"portfolio_masonry_large";a:4:{s:4:"file";s:49:"b-portugal-2013-road-trip-gallery-01-1000x825.jpg";s:5:"width";i:1000;s:6:"height";i:825;s:9:"mime-type";s:10:"image/jpeg";}s:28:"portfolio_masonry_with_space";a:4:{s:4:"file";s:48:"b-portugal-2013-road-trip-gallery-01-700x525.jpg";s:5:"width";i:700;s:6:"height";i:525;s:9:"mime-type";s:10:"image/jpeg";}s:23:"latest_post_small_image";a:4:{s:4:"file";s:48:"b-portugal-2013-road-trip-gallery-01-125x112.jpg";s:5:"width";i:125;s:6:"height";i:112;s:9:"mime-type";s:10:"image/jpeg";}s:14:"shop_thumbnail";a:4:{s:4:"file";s:48:"b-portugal-2013-road-trip-gallery-01-170x127.jpg";s:5:"width";i:170;s:6:"height";i:127;s:9:"mime-type";s:10:"image/jpeg";}s:12:"shop_catalog";a:4:{s:4:"file";s:48:"b-portugal-2013-road-trip-gallery-01-254x300.jpg";s:5:"width";i:254;s:6:"height";i:300;s:9:"mime-type";s:10:"image/jpeg";}s:11:"shop_single";a:4:{s:4:"file";s:48:"b-portugal-2013-road-trip-gallery-01-538x538.jpg";s:5:"width";i:538;s:6:"height";i:538;s:9:"mime-type";s:10:"image/jpeg";}}s:10:"image_meta";a:10:{s:8:"aperture";i:0;s:6:"credit";s:0:"";s:6:"camera";s:0:"";s:7:"caption";s:0:"";s:17:"created_timestamp";i:0;s:9:"copyright";s:0:"";s:12:"focal_length";i:0;s:3:"iso";i:0;s:13:"shutter_speed";i:0;s:5:"title";s:0:"";}}]]></wp:meta_value>
		</wp:postmeta>
		<wp:postmeta>
			<wp:meta_key>_qode-like</wp:meta_key>
			<wp:meta_value><![CDATA[0]]></wp:meta_value>
		</wp:postmeta>
	</item>

	<item>
				<title>b-portugal-2013-road-trip-gallery-02</title>
		<link>http://demo.select-themes.com/stockholm18/portugal-summer-gallery/b-portugal-2013-road-trip-gallery-02/</link>
		<pubDate>Tue, 29 Oct 2013 10:14:13 +0000</pubDate>
		<dc:creator><![CDATA[admin]]></dc:creator>
		<guid isPermaLink="false">http://demo.select-themes.com/stockholm18/wp-content/uploads/2013/10/b-portugal-2013-road-trip-gallery-02.jpg</guid>
		<description/>
		<content:encoded><![CDATA[]]></content:encoded>
		<excerpt:encoded><![CDATA[]]></excerpt:encoded>
		<wp:post_id>2815</wp:post_id>
		<wp:post_date>2013-10-29 10:14:13</wp:post_date>
		<wp:post_date_gmt>2013-10-29 10:14:13</wp:post_date_gmt>
		<wp:comment_status>open</wp:comment_status>
		<wp:ping_status>open</wp:ping_status>
		<wp:post_name>b-portugal-2013-road-trip-gallery-02</wp:post_name>
		<wp:status>inherit</wp:status>
		<wp:post_parent>29</wp:post_parent>
		<wp:menu_order>0</wp:menu_order>
		<wp:post_type>attachment</wp:post_type>
		<wp:post_password/>
		<wp:is_sticky>0</wp:is_sticky>
		<wp:attachment_url>http://demo.select-themes.com/stockholm18/wp-content/uploads/2013/10/b-portugal-2013-road-trip-gallery-02.jpg</wp:attachment_url>
		<wp:postmeta>
			<wp:meta_key>_wp_attached_file</wp:meta_key>
			<wp:meta_value><![CDATA[2013/10/b-portugal-2013-road-trip-gallery-02.jpg]]></wp:meta_value>
		</wp:postmeta>
		<wp:postmeta>
			<wp:meta_key>_wp_attachment_metadata</wp:meta_key>
			<wp:meta_value><![CDATA[a:5:{s:5:"width";i:1100;s:6:"height";i:825;s:4:"file";s:48:"2013/10/b-portugal-2013-road-trip-gallery-02.jpg";s:5:"sizes";a:19:{s:9:"thumbnail";a:4:{s:4:"file";s:48:"b-portugal-2013-road-trip-gallery-02-150x150.jpg";s:5:"width";i:150;s:6:"height";i:150;s:9:"mime-type";s:10:"image/jpeg";}s:6:"medium";a:4:{s:4:"file";s:48:"b-portugal-2013-road-trip-gallery-02-300x224.jpg";s:5:"width";i:300;s:6:"height";i:224;s:9:"mime-type";s:10:"image/jpeg";}s:5:"large";a:4:{s:4:"file";s:49:"b-portugal-2013-road-trip-gallery-02-1024x768.jpg";s:5:"width";i:1024;s:6:"height";i:768;s:9:"mime-type";s:10:"image/jpeg";}s:16:"portfolio-square";a:4:{s:4:"file";s:48:"b-portugal-2013-road-trip-gallery-02-550x550.jpg";s:5:"width";i:550;s:6:"height";i:550;s:9:"mime-type";s:10:"image/jpeg";}s:19:"portfolio-landscape";a:4:{s:4:"file";s:48:"b-portugal-2013-road-trip-gallery-02-800x600.jpg";s:5:"width";i:800;s:6:"height";i:600;s:9:"mime-type";s:10:"image/jpeg";}s:18:"portfolio-portrait";a:4:{s:4:"file";s:48:"b-portugal-2013-road-trip-gallery-02-600x800.jpg";s:5:"width";i:600;s:6:"height";i:800;s:9:"mime-type";s:10:"image/jpeg";}s:17:"portfolio-default";a:4:{s:4:"file";s:48:"b-portugal-2013-road-trip-gallery-02-550x498.jpg";s:5:"width";i:550;s:6:"height";i:498;s:9:"mime-type";s:10:"image/jpeg";}s:18:"menu-featured-post";a:4:{s:4:"file";s:48:"b-portugal-2013-road-trip-gallery-02-345x198.jpg";s:5:"width";i:345;s:6:"height";i:198;s:9:"mime-type";s:10:"image/jpeg";}s:20:"qode-carousel_slider";a:4:{s:4:"file";s:48:"b-portugal-2013-road-trip-gallery-02-400x260.jpg";s:5:"width";i:400;s:6:"height";i:260;s:9:"mime-type";s:10:"image/jpeg";}s:16:"portfolio_slider";a:4:{s:4:"file";s:48:"b-portugal-2013-road-trip-gallery-02-480x434.jpg";s:5:"width";i:480;s:6:"height";i:434;s:9:"mime-type";s:10:"image/jpeg";}s:25:"portfolio_masonry_regular";a:4:{s:4:"file";s:48:"b-portugal-2013-road-trip-gallery-02-500x500.jpg";s:5:"width";i:500;s:6:"height";i:500;s:9:"mime-type";s:10:"image/jpeg";}s:22:"portfolio_masonry_wide";a:4:{s:4:"file";s:49:"b-portugal-2013-road-trip-gallery-02-1000x500.jpg";s:5:"width";i:1000;s:6:"height";i:500;s:9:"mime-type";s:10:"image/jpeg";}s:22:"portfolio_masonry_tall";a:4:{s:4:"file";s:48:"b-portugal-2013-road-trip-gallery-02-500x825.jpg";s:5:"width";i:500;s:6:"height";i:825;s:9:"mime-type";s:10:"image/jpeg";}s:23:"portfolio_masonry_large";a:4:{s:4:"file";s:49:"b-portugal-2013-road-trip-gallery-02-1000x825.jpg";s:5:"width";i:1000;s:6:"height";i:825;s:9:"mime-type";s:10:"image/jpeg";}s:28:"portfolio_masonry_with_space";a:4:{s:4:"file";s:48:"b-portugal-2013-road-trip-gallery-02-700x525.jpg";s:5:"width";i:700;s:6:"height";i:525;s:9:"mime-type";s:10:"image/jpeg";}s:23:"latest_post_small_image";a:4:{s:4:"file";s:48:"b-portugal-2013-road-trip-gallery-02-125x112.jpg";s:5:"width";i:125;s:6:"height";i:112;s:9:"mime-type";s:10:"image/jpeg";}s:14:"shop_thumbnail";a:4:{s:4:"file";s:48:"b-portugal-2013-road-trip-gallery-02-170x127.jpg";s:5:"width";i:170;s:6:"height";i:127;s:9:"mime-type";s:10:"image/jpeg";}s:12:"shop_catalog";a:4:{s:4:"file";s:48:"b-portugal-2013-road-trip-gallery-02-254x300.jpg";s:5:"width";i:254;s:6:"height";i:300;s:9:"mime-type";s:10:"image/jpeg";}s:11:"shop_single";a:4:{s:4:"file";s:48:"b-portugal-2013-road-trip-gallery-02-538x538.jpg";s:5:"width";i:538;s:6:"height";i:538;s:9:"mime-type";s:10:"image/jpeg";}}s:10:"image_meta";a:10:{s:8:"aperture";i:0;s:6:"credit";s:0:"";s:6:"camera";s:0:"";s:7:"caption";s:0:"";s:17:"created_timestamp";i:0;s:9:"copyright";s:0:"";s:12:"focal_length";i:0;s:3:"iso";i:0;s:13:"shutter_speed";i:0;s:5:"title";s:0:"";}}]]></wp:meta_value>
		</wp:postmeta>
		<wp:postmeta>
			<wp:meta_key>_qode-like</wp:meta_key>
			<wp:meta_value><![CDATA[0]]></wp:meta_value>
		</wp:postmeta>
	</item>

	<item>
				<title>b-recent-trends-in-storytelling</title>
		<link>http://demo.select-themes.com/stockholm18/trends-in-storytelling/b-recent-trends-in-storytelling/</link>
		<pubDate>Tue, 29 Oct 2013 10:15:00 +0000</pubDate>
		<dc:creator><![CDATA[admin]]></dc:creator>
		<guid isPermaLink="false">http://demo.select-themes.com/stockholm18/wp-content/uploads/2013/10/b-recent-trends-in-storytelling.jpg</guid>
		<description/>
		<content:encoded><![CDATA[]]></content:encoded>
		<excerpt:encoded><![CDATA[]]></excerpt:encoded>
		<wp:post_id>2817</wp:post_id>
		<wp:post_date>2013-10-29 10:15:00</wp:post_date>
		<wp:post_date_gmt>2013-10-29 10:15:00</wp:post_date_gmt>
		<wp:comment_status>open</wp:comment_status>
		<wp:ping_status>open</wp:ping_status>
		<wp:post_name>b-recent-trends-in-storytelling</wp:post_name>
		<wp:status>inherit</wp:status>
		<wp:post_parent>26</wp:post_parent>
		<wp:menu_order>0</wp:menu_order>
		<wp:post_type>attachment</wp:post_type>
		<wp:post_password/>
		<wp:is_sticky>0</wp:is_sticky>
		<wp:attachment_url>http://demo.select-themes.com/stockholm18/wp-content/uploads/2013/10/b-recent-trends-in-storytelling.jpg</wp:attachment_url>
		<wp:postmeta>
			<wp:meta_key>_wp_attached_file</wp:meta_key>
			<wp:meta_value><![CDATA[2013/10/b-recent-trends-in-storytelling.jpg]]></wp:meta_value>
		</wp:postmeta>
		<wp:postmeta>
			<wp:meta_key>_wp_attachment_metadata</wp:meta_key>
			<wp:meta_value><![CDATA[a:5:{s:5:"width";i:1100;s:6:"height";i:825;s:4:"file";s:43:"2013/10/b-recent-trends-in-storytelling.jpg";s:5:"sizes";a:19:{s:9:"thumbnail";a:4:{s:4:"file";s:43:"b-recent-trends-in-storytelling-150x150.jpg";s:5:"width";i:150;s:6:"height";i:150;s:9:"mime-type";s:10:"image/jpeg";}s:6:"medium";a:4:{s:4:"file";s:43:"b-recent-trends-in-storytelling-300x224.jpg";s:5:"width";i:300;s:6:"height";i:224;s:9:"mime-type";s:10:"image/jpeg";}s:5:"large";a:4:{s:4:"file";s:44:"b-recent-trends-in-storytelling-1024x768.jpg";s:5:"width";i:1024;s:6:"height";i:768;s:9:"mime-type";s:10:"image/jpeg";}s:16:"portfolio-square";a:4:{s:4:"file";s:43:"b-recent-trends-in-storytelling-550x550.jpg";s:5:"width";i:550;s:6:"height";i:550;s:9:"mime-type";s:10:"image/jpeg";}s:19:"portfolio-landscape";a:4:{s:4:"file";s:43:"b-recent-trends-in-storytelling-800x600.jpg";s:5:"width";i:800;s:6:"height";i:600;s:9:"mime-type";s:10:"image/jpeg";}s:18:"portfolio-portrait";a:4:{s:4:"file";s:43:"b-recent-trends-in-storytelling-600x800.jpg";s:5:"width";i:600;s:6:"height";i:800;s:9:"mime-type";s:10:"image/jpeg";}s:17:"portfolio-default";a:4:{s:4:"file";s:43:"b-recent-trends-in-storytelling-550x498.jpg";s:5:"width";i:550;s:6:"height";i:498;s:9:"mime-type";s:10:"image/jpeg";}s:18:"menu-featured-post";a:4:{s:4:"file";s:43:"b-recent-trends-in-storytelling-345x198.jpg";s:5:"width";i:345;s:6:"height";i:198;s:9:"mime-type";s:10:"image/jpeg";}s:20:"qode-carousel_slider";a:4:{s:4:"file";s:43:"b-recent-trends-in-storytelling-400x260.jpg";s:5:"width";i:400;s:6:"height";i:260;s:9:"mime-type";s:10:"image/jpeg";}s:16:"portfolio_slider";a:4:{s:4:"file";s:43:"b-recent-trends-in-storytelling-480x434.jpg";s:5:"width";i:480;s:6:"height";i:434;s:9:"mime-type";s:10:"image/jpeg";}s:25:"portfolio_masonry_regular";a:4:{s:4:"file";s:43:"b-recent-trends-in-storytelling-500x500.jpg";s:5:"width";i:500;s:6:"height";i:500;s:9:"mime-type";s:10:"image/jpeg";}s:22:"portfolio_masonry_wide";a:4:{s:4:"file";s:44:"b-recent-trends-in-storytelling-1000x500.jpg";s:5:"width";i:1000;s:6:"height";i:500;s:9:"mime-type";s:10:"image/jpeg";}s:22:"portfolio_masonry_tall";a:4:{s:4:"file";s:43:"b-recent-trends-in-storytelling-500x825.jpg";s:5:"width";i:500;s:6:"height";i:825;s:9:"mime-type";s:10:"image/jpeg";}s:23:"portfolio_masonry_large";a:4:{s:4:"file";s:44:"b-recent-trends-in-storytelling-1000x825.jpg";s:5:"width";i:1000;s:6:"height";i:825;s:9:"mime-type";s:10:"image/jpeg";}s:28:"portfolio_masonry_with_space";a:4:{s:4:"file";s:43:"b-recent-trends-in-storytelling-700x525.jpg";s:5:"width";i:700;s:6:"height";i:525;s:9:"mime-type";s:10:"image/jpeg";}s:23:"latest_post_small_image";a:4:{s:4:"file";s:43:"b-recent-trends-in-storytelling-125x112.jpg";s:5:"width";i:125;s:6:"height";i:112;s:9:"mime-type";s:10:"image/jpeg";}s:14:"shop_thumbnail";a:4:{s:4:"file";s:43:"b-recent-trends-in-storytelling-170x127.jpg";s:5:"width";i:170;s:6:"height";i:127;s:9:"mime-type";s:10:"image/jpeg";}s:12:"shop_catalog";a:4:{s:4:"file";s:43:"b-recent-trends-in-storytelling-254x300.jpg";s:5:"width";i:254;s:6:"height";i:300;s:9:"mime-type";s:10:"image/jpeg";}s:11:"shop_single";a:4:{s:4:"file";s:43:"b-recent-trends-in-storytelling-538x538.jpg";s:5:"width";i:538;s:6:"height";i:538;s:9:"mime-type";s:10:"image/jpeg";}}s:10:"image_meta";a:10:{s:8:"aperture";i:0;s:6:"credit";s:0:"";s:6:"camera";s:0:"";s:7:"caption";s:0:"";s:17:"created_timestamp";i:0;s:9:"copyright";s:0:"";s:12:"focal_length";i:0;s:3:"iso";i:0;s:13:"shutter_speed";i:0;s:5:"title";s:0:"";}}]]></wp:meta_value>
		</wp:postmeta>
		<wp:postmeta>
			<wp:meta_key>_wp_attachment_image_alt</wp:meta_key>
			<wp:meta_value><![CDATA[]]></wp:meta_value>
		</wp:postmeta>
		<wp:postmeta>
			<wp:meta_key>_edit_last</wp:meta_key>
			<wp:meta_value><![CDATA[1]]></wp:meta_value>
		</wp:postmeta>
	</item>

	<item>
				<title>b-supernatural-fx-showreel</title>
		<link>http://demo.select-themes.com/stockholm18/supernatural-fx-showreel/b-supernatural-fx-showreel/</link>
		<pubDate>Tue, 29 Oct 2013 10:15:31 +0000</pubDate>
		<dc:creator><![CDATA[admin]]></dc:creator>
		<guid isPermaLink="false">http://demo.select-themes.com/stockholm18/wp-content/uploads/2013/10/b-supernatural-fx-showreel.jpg</guid>
		<description/>
		<content:encoded><![CDATA[]]></content:encoded>
		<excerpt:encoded><![CDATA[]]></excerpt:encoded>
		<wp:post_id>2818</wp:post_id>
		<wp:post_date>2013-10-29 10:15:31</wp:post_date>
		<wp:post_date_gmt>2013-10-29 10:15:31</wp:post_date_gmt>
		<wp:comment_status>open</wp:comment_status>
		<wp:ping_status>open</wp:ping_status>
		<wp:post_name>b-supernatural-fx-showreel</wp:post_name>
		<wp:status>inherit</wp:status>
		<wp:post_parent>22</wp:post_parent>
		<wp:menu_order>0</wp:menu_order>
		<wp:post_type>attachment</wp:post_type>
		<wp:post_password/>
		<wp:is_sticky>0</wp:is_sticky>
		<wp:attachment_url>http://demo.select-themes.com/stockholm18/wp-content/uploads/2013/10/b-supernatural-fx-showreel.jpg</wp:attachment_url>
		<wp:postmeta>
			<wp:meta_key>_wp_attached_file</wp:meta_key>
			<wp:meta_value><![CDATA[2013/10/b-supernatural-fx-showreel.jpg]]></wp:meta_value>
		</wp:postmeta>
		<wp:postmeta>
			<wp:meta_key>_wp_attachment_metadata</wp:meta_key>
			<wp:meta_value><![CDATA[a:5:{s:5:"width";i:1100;s:6:"height";i:825;s:4:"file";s:38:"2013/10/b-supernatural-fx-showreel.jpg";s:5:"sizes";a:19:{s:9:"thumbnail";a:4:{s:4:"file";s:38:"b-supernatural-fx-showreel-150x150.jpg";s:5:"width";i:150;s:6:"height";i:150;s:9:"mime-type";s:10:"image/jpeg";}s:6:"medium";a:4:{s:4:"file";s:38:"b-supernatural-fx-showreel-300x224.jpg";s:5:"width";i:300;s:6:"height";i:224;s:9:"mime-type";s:10:"image/jpeg";}s:5:"large";a:4:{s:4:"file";s:39:"b-supernatural-fx-showreel-1024x768.jpg";s:5:"width";i:1024;s:6:"height";i:768;s:9:"mime-type";s:10:"image/jpeg";}s:16:"portfolio-square";a:4:{s:4:"file";s:38:"b-supernatural-fx-showreel-550x550.jpg";s:5:"width";i:550;s:6:"height";i:550;s:9:"mime-type";s:10:"image/jpeg";}s:19:"portfolio-landscape";a:4:{s:4:"file";s:38:"b-supernatural-fx-showreel-800x600.jpg";s:5:"width";i:800;s:6:"height";i:600;s:9:"mime-type";s:10:"image/jpeg";}s:18:"portfolio-portrait";a:4:{s:4:"file";s:38:"b-supernatural-fx-showreel-600x800.jpg";s:5:"width";i:600;s:6:"height";i:800;s:9:"mime-type";s:10:"image/jpeg";}s:17:"portfolio-default";a:4:{s:4:"file";s:38:"b-supernatural-fx-showreel-550x498.jpg";s:5:"width";i:550;s:6:"height";i:498;s:9:"mime-type";s:10:"image/jpeg";}s:18:"menu-featured-post";a:4:{s:4:"file";s:38:"b-supernatural-fx-showreel-345x198.jpg";s:5:"width";i:345;s:6:"height";i:198;s:9:"mime-type";s:10:"image/jpeg";}s:20:"qode-carousel_slider";a:4:{s:4:"file";s:38:"b-supernatural-fx-showreel-400x260.jpg";s:5:"width";i:400;s:6:"height";i:260;s:9:"mime-type";s:10:"image/jpeg";}s:16:"portfolio_slider";a:4:{s:4:"file";s:38:"b-supernatural-fx-showreel-480x434.jpg";s:5:"width";i:480;s:6:"height";i:434;s:9:"mime-type";s:10:"image/jpeg";}s:25:"portfolio_masonry_regular";a:4:{s:4:"file";s:38:"b-supernatural-fx-showreel-500x500.jpg";s:5:"width";i:500;s:6:"height";i:500;s:9:"mime-type";s:10:"image/jpeg";}s:22:"portfolio_masonry_wide";a:4:{s:4:"file";s:39:"b-supernatural-fx-showreel-1000x500.jpg";s:5:"width";i:1000;s:6:"height";i:500;s:9:"mime-type";s:10:"image/jpeg";}s:22:"portfolio_masonry_tall";a:4:{s:4:"file";s:38:"b-supernatural-fx-showreel-500x825.jpg";s:5:"width";i:500;s:6:"height";i:825;s:9:"mime-type";s:10:"image/jpeg";}s:23:"portfolio_masonry_large";a:4:{s:4:"file";s:39:"b-supernatural-fx-showreel-1000x825.jpg";s:5:"width";i:1000;s:6:"height";i:825;s:9:"mime-type";s:10:"image/jpeg";}s:28:"portfolio_masonry_with_space";a:4:{s:4:"file";s:38:"b-supernatural-fx-showreel-700x525.jpg";s:5:"width";i:700;s:6:"height";i:525;s:9:"mime-type";s:10:"image/jpeg";}s:23:"latest_post_small_image";a:4:{s:4:"file";s:38:"b-supernatural-fx-showreel-125x112.jpg";s:5:"width";i:125;s:6:"height";i:112;s:9:"mime-type";s:10:"image/jpeg";}s:14:"shop_thumbnail";a:4:{s:4:"file";s:38:"b-supernatural-fx-showreel-170x127.jpg";s:5:"width";i:170;s:6:"height";i:127;s:9:"mime-type";s:10:"image/jpeg";}s:12:"shop_catalog";a:4:{s:4:"file";s:38:"b-supernatural-fx-showreel-254x300.jpg";s:5:"width";i:254;s:6:"height";i:300;s:9:"mime-type";s:10:"image/jpeg";}s:11:"shop_single";a:4:{s:4:"file";s:38:"b-supernatural-fx-showreel-538x538.jpg";s:5:"width";i:538;s:6:"height";i:538;s:9:"mime-type";s:10:"image/jpeg";}}s:10:"image_meta";a:10:{s:8:"aperture";i:0;s:6:"credit";s:0:"";s:6:"camera";s:0:"";s:7:"caption";s:0:"";s:17:"created_timestamp";i:0;s:9:"copyright";s:0:"";s:12:"focal_length";i:0;s:3:"iso";i:0;s:13:"shutter_speed";i:0;s:5:"title";s:0:"";}}]]></wp:meta_value>
		</wp:postmeta>
		<wp:postmeta>
			<wp:meta_key>_wp_attachment_image_alt</wp:meta_key>
			<wp:meta_value><![CDATA[]]></wp:meta_value>
		</wp:postmeta>
		<wp:postmeta>
			<wp:meta_key>_edit_last</wp:meta_key>
			<wp:meta_value><![CDATA[1]]></wp:meta_value>
		</wp:postmeta>
	</item>

	<item>
				<title>b-oscar-wilde</title>
		<link>http://demo.select-themes.com/stockholm18/oscar-wilde-yellow-sunset/b-oscar-wilde/</link>
		<pubDate>Tue, 29 Oct 2013 10:19:23 +0000</pubDate>
		<dc:creator><![CDATA[admin]]></dc:creator>
		<guid isPermaLink="false">http://demo.select-themes.com/stockholm18/wp-content/uploads/2013/10/b-oscar-wilde.jpg</guid>
		<description/>
		<content:encoded><![CDATA[]]></content:encoded>
		<excerpt:encoded><![CDATA[]]></excerpt:encoded>
		<wp:post_id>2819</wp:post_id>
		<wp:post_date>2013-10-29 10:19:23</wp:post_date>
		<wp:post_date_gmt>2013-10-29 10:19:23</wp:post_date_gmt>
		<wp:comment_status>open</wp:comment_status>
		<wp:ping_status>open</wp:ping_status>
		<wp:post_name>b-oscar-wilde</wp:post_name>
		<wp:status>inherit</wp:status>
		<wp:post_parent>20</wp:post_parent>
		<wp:menu_order>0</wp:menu_order>
		<wp:post_type>attachment</wp:post_type>
		<wp:post_password/>
		<wp:is_sticky>0</wp:is_sticky>
		<wp:attachment_url>http://demo.select-themes.com/stockholm18/wp-content/uploads/2013/10/b-oscar-wilde.jpg</wp:attachment_url>
		<wp:postmeta>
			<wp:meta_key>_wp_attached_file</wp:meta_key>
			<wp:meta_value><![CDATA[2013/10/b-oscar-wilde.jpg]]></wp:meta_value>
		</wp:postmeta>
		<wp:postmeta>
			<wp:meta_key>_wp_attachment_metadata</wp:meta_key>
			<wp:meta_value><![CDATA[a:5:{s:5:"width";i:1100;s:6:"height";i:825;s:4:"file";s:25:"2013/10/b-oscar-wilde.jpg";s:5:"sizes";a:19:{s:9:"thumbnail";a:4:{s:4:"file";s:25:"b-oscar-wilde-150x150.jpg";s:5:"width";i:150;s:6:"height";i:150;s:9:"mime-type";s:10:"image/jpeg";}s:6:"medium";a:4:{s:4:"file";s:25:"b-oscar-wilde-300x224.jpg";s:5:"width";i:300;s:6:"height";i:224;s:9:"mime-type";s:10:"image/jpeg";}s:5:"large";a:4:{s:4:"file";s:26:"b-oscar-wilde-1024x768.jpg";s:5:"width";i:1024;s:6:"height";i:768;s:9:"mime-type";s:10:"image/jpeg";}s:16:"portfolio-square";a:4:{s:4:"file";s:25:"b-oscar-wilde-550x550.jpg";s:5:"width";i:550;s:6:"height";i:550;s:9:"mime-type";s:10:"image/jpeg";}s:19:"portfolio-landscape";a:4:{s:4:"file";s:25:"b-oscar-wilde-800x600.jpg";s:5:"width";i:800;s:6:"height";i:600;s:9:"mime-type";s:10:"image/jpeg";}s:18:"portfolio-portrait";a:4:{s:4:"file";s:25:"b-oscar-wilde-600x800.jpg";s:5:"width";i:600;s:6:"height";i:800;s:9:"mime-type";s:10:"image/jpeg";}s:17:"portfolio-default";a:4:{s:4:"file";s:25:"b-oscar-wilde-550x498.jpg";s:5:"width";i:550;s:6:"height";i:498;s:9:"mime-type";s:10:"image/jpeg";}s:18:"menu-featured-post";a:4:{s:4:"file";s:25:"b-oscar-wilde-345x198.jpg";s:5:"width";i:345;s:6:"height";i:198;s:9:"mime-type";s:10:"image/jpeg";}s:20:"qode-carousel_slider";a:4:{s:4:"file";s:25:"b-oscar-wilde-400x260.jpg";s:5:"width";i:400;s:6:"height";i:260;s:9:"mime-type";s:10:"image/jpeg";}s:16:"portfolio_slider";a:4:{s:4:"file";s:25:"b-oscar-wilde-480x434.jpg";s:5:"width";i:480;s:6:"height";i:434;s:9:"mime-type";s:10:"image/jpeg";}s:25:"portfolio_masonry_regular";a:4:{s:4:"file";s:25:"b-oscar-wilde-500x500.jpg";s:5:"width";i:500;s:6:"height";i:500;s:9:"mime-type";s:10:"image/jpeg";}s:22:"portfolio_masonry_wide";a:4:{s:4:"file";s:26:"b-oscar-wilde-1000x500.jpg";s:5:"width";i:1000;s:6:"height";i:500;s:9:"mime-type";s:10:"image/jpeg";}s:22:"portfolio_masonry_tall";a:4:{s:4:"file";s:25:"b-oscar-wilde-500x825.jpg";s:5:"width";i:500;s:6:"height";i:825;s:9:"mime-type";s:10:"image/jpeg";}s:23:"portfolio_masonry_large";a:4:{s:4:"file";s:26:"b-oscar-wilde-1000x825.jpg";s:5:"width";i:1000;s:6:"height";i:825;s:9:"mime-type";s:10:"image/jpeg";}s:28:"portfolio_masonry_with_space";a:4:{s:4:"file";s:25:"b-oscar-wilde-700x525.jpg";s:5:"width";i:700;s:6:"height";i:525;s:9:"mime-type";s:10:"image/jpeg";}s:23:"latest_post_small_image";a:4:{s:4:"file";s:25:"b-oscar-wilde-125x112.jpg";s:5:"width";i:125;s:6:"height";i:112;s:9:"mime-type";s:10:"image/jpeg";}s:14:"shop_thumbnail";a:4:{s:4:"file";s:25:"b-oscar-wilde-170x127.jpg";s:5:"width";i:170;s:6:"height";i:127;s:9:"mime-type";s:10:"image/jpeg";}s:12:"shop_catalog";a:4:{s:4:"file";s:25:"b-oscar-wilde-254x300.jpg";s:5:"width";i:254;s:6:"height";i:300;s:9:"mime-type";s:10:"image/jpeg";}s:11:"shop_single";a:4:{s:4:"file";s:25:"b-oscar-wilde-538x538.jpg";s:5:"width";i:538;s:6:"height";i:538;s:9:"mime-type";s:10:"image/jpeg";}}s:10:"image_meta";a:10:{s:8:"aperture";i:0;s:6:"credit";s:0:"";s:6:"camera";s:0:"";s:7:"caption";s:0:"";s:17:"created_timestamp";i:0;s:9:"copyright";s:0:"";s:12:"focal_length";i:0;s:3:"iso";i:0;s:13:"shutter_speed";i:0;s:5:"title";s:0:"";}}]]></wp:meta_value>
		</wp:postmeta>
		<wp:postmeta>
			<wp:meta_key>_wp_attachment_image_alt</wp:meta_key>
			<wp:meta_value><![CDATA[]]></wp:meta_value>
		</wp:postmeta>
		<wp:postmeta>
			<wp:meta_key>_edit_last</wp:meta_key>
			<wp:meta_value><![CDATA[1]]></wp:meta_value>
		</wp:postmeta>
	</item>

	<item>
				<title>b-10-best-productivity-secrets-revealed</title>
		<link>http://demo.select-themes.com/stockholm18/a-look-inside-the-future/b-10-best-productivity-secrets-revealed/</link>
		<pubDate>Tue, 29 Oct 2013 10:21:16 +0000</pubDate>
		<dc:creator><![CDATA[admin]]></dc:creator>
		<guid isPermaLink="false">http://demo.select-themes.com/stockholm18/wp-content/uploads/2013/10/b-10-best-productivity-secrets-revealed.jpg</guid>
		<description/>
		<content:encoded><![CDATA[]]></content:encoded>
		<excerpt:encoded><![CDATA[]]></excerpt:encoded>
		<wp:post_id>2820</wp:post_id>
		<wp:post_date>2013-10-29 10:21:16</wp:post_date>
		<wp:post_date_gmt>2013-10-29 10:21:16</wp:post_date_gmt>
		<wp:comment_status>open</wp:comment_status>
		<wp:ping_status>open</wp:ping_status>
		<wp:post_name>b-10-best-productivity-secrets-revealed</wp:post_name>
		<wp:status>inherit</wp:status>
		<wp:post_parent>17</wp:post_parent>
		<wp:menu_order>0</wp:menu_order>
		<wp:post_type>attachment</wp:post_type>
		<wp:post_password/>
		<wp:is_sticky>0</wp:is_sticky>
		<wp:attachment_url>http://demo.select-themes.com/stockholm18/wp-content/uploads/2013/10/b-10-best-productivity-secrets-revealed.jpg</wp:attachment_url>
		<wp:postmeta>
			<wp:meta_key>_wp_attached_file</wp:meta_key>
			<wp:meta_value><![CDATA[2013/10/b-10-best-productivity-secrets-revealed.jpg]]></wp:meta_value>
		</wp:postmeta>
		<wp:postmeta>
			<wp:meta_key>_wp_attachment_metadata</wp:meta_key>
			<wp:meta_value><![CDATA[a:5:{s:5:"width";i:1100;s:6:"height";i:825;s:4:"file";s:51:"2013/10/b-10-best-productivity-secrets-revealed.jpg";s:5:"sizes";a:19:{s:9:"thumbnail";a:4:{s:4:"file";s:51:"b-10-best-productivity-secrets-revealed-150x150.jpg";s:5:"width";i:150;s:6:"height";i:150;s:9:"mime-type";s:10:"image/jpeg";}s:6:"medium";a:4:{s:4:"file";s:51:"b-10-best-productivity-secrets-revealed-300x224.jpg";s:5:"width";i:300;s:6:"height";i:224;s:9:"mime-type";s:10:"image/jpeg";}s:5:"large";a:4:{s:4:"file";s:52:"b-10-best-productivity-secrets-revealed-1024x768.jpg";s:5:"width";i:1024;s:6:"height";i:768;s:9:"mime-type";s:10:"image/jpeg";}s:16:"portfolio-square";a:4:{s:4:"file";s:51:"b-10-best-productivity-secrets-revealed-550x550.jpg";s:5:"width";i:550;s:6:"height";i:550;s:9:"mime-type";s:10:"image/jpeg";}s:19:"portfolio-landscape";a:4:{s:4:"file";s:51:"b-10-best-productivity-secrets-revealed-800x600.jpg";s:5:"width";i:800;s:6:"height";i:600;s:9:"mime-type";s:10:"image/jpeg";}s:18:"portfolio-portrait";a:4:{s:4:"file";s:51:"b-10-best-productivity-secrets-revealed-600x800.jpg";s:5:"width";i:600;s:6:"height";i:800;s:9:"mime-type";s:10:"image/jpeg";}s:17:"portfolio-default";a:4:{s:4:"file";s:51:"b-10-best-productivity-secrets-revealed-550x498.jpg";s:5:"width";i:550;s:6:"height";i:498;s:9:"mime-type";s:10:"image/jpeg";}s:18:"menu-featured-post";a:4:{s:4:"file";s:51:"b-10-best-productivity-secrets-revealed-345x198.jpg";s:5:"width";i:345;s:6:"height";i:198;s:9:"mime-type";s:10:"image/jpeg";}s:20:"qode-carousel_slider";a:4:{s:4:"file";s:51:"b-10-best-productivity-secrets-revealed-400x260.jpg";s:5:"width";i:400;s:6:"height";i:260;s:9:"mime-type";s:10:"image/jpeg";}s:16:"portfolio_slider";a:4:{s:4:"file";s:51:"b-10-best-productivity-secrets-revealed-480x434.jpg";s:5:"width";i:480;s:6:"height";i:434;s:9:"mime-type";s:10:"image/jpeg";}s:25:"portfolio_masonry_regular";a:4:{s:4:"file";s:51:"b-10-best-productivity-secrets-revealed-500x500.jpg";s:5:"width";i:500;s:6:"height";i:500;s:9:"mime-type";s:10:"image/jpeg";}s:22:"portfolio_masonry_wide";a:4:{s:4:"file";s:52:"b-10-best-productivity-secrets-revealed-1000x500.jpg";s:5:"width";i:1000;s:6:"height";i:500;s:9:"mime-type";s:10:"image/jpeg";}s:22:"portfolio_masonry_tall";a:4:{s:4:"file";s:51:"b-10-best-productivity-secrets-revealed-500x825.jpg";s:5:"width";i:500;s:6:"height";i:825;s:9:"mime-type";s:10:"image/jpeg";}s:23:"portfolio_masonry_large";a:4:{s:4:"file";s:52:"b-10-best-productivity-secrets-revealed-1000x825.jpg";s:5:"width";i:1000;s:6:"height";i:825;s:9:"mime-type";s:10:"image/jpeg";}s:28:"portfolio_masonry_with_space";a:4:{s:4:"file";s:51:"b-10-best-productivity-secrets-revealed-700x525.jpg";s:5:"width";i:700;s:6:"height";i:525;s:9:"mime-type";s:10:"image/jpeg";}s:23:"latest_post_small_image";a:4:{s:4:"file";s:51:"b-10-best-productivity-secrets-revealed-125x112.jpg";s:5:"width";i:125;s:6:"height";i:112;s:9:"mime-type";s:10:"image/jpeg";}s:14:"shop_thumbnail";a:4:{s:4:"file";s:51:"b-10-best-productivity-secrets-revealed-170x127.jpg";s:5:"width";i:170;s:6:"height";i:127;s:9:"mime-type";s:10:"image/jpeg";}s:12:"shop_catalog";a:4:{s:4:"file";s:51:"b-10-best-productivity-secrets-revealed-254x300.jpg";s:5:"width";i:254;s:6:"height";i:300;s:9:"mime-type";s:10:"image/jpeg";}s:11:"shop_single";a:4:{s:4:"file";s:51:"b-10-best-productivity-secrets-revealed-538x538.jpg";s:5:"width";i:538;s:6:"height";i:538;s:9:"mime-type";s:10:"image/jpeg";}}s:10:"image_meta";a:10:{s:8:"aperture";i:0;s:6:"credit";s:0:"";s:6:"camera";s:0:"";s:7:"caption";s:0:"";s:17:"created_timestamp";i:0;s:9:"copyright";s:0:"";s:12:"focal_length";i:0;s:3:"iso";i:0;s:13:"shutter_speed";i:0;s:5:"title";s:0:"";}}]]></wp:meta_value>
		</wp:postmeta>
		<wp:postmeta>
			<wp:meta_key>_wp_attachment_image_alt</wp:meta_key>
			<wp:meta_value><![CDATA[]]></wp:meta_value>
		</wp:postmeta>
		<wp:postmeta>
			<wp:meta_key>_edit_last</wp:meta_key>
			<wp:meta_value><![CDATA[1]]></wp:meta_value>
		</wp:postmeta>
	</item>

	
	
	
	
	
	
	
	
	
	
	
	
	
	
	
	
	
	
	
	
	
	
	
	
	
	
	
	
	
	
	
	
	
	
	
	
	
	
	
	
	
	
	
	
	
	
	
	
	
	
	
	
	
	
	
	
	
	
	
	
	
	
	
	
	
	
	
	
	
	
	
	
	
	
	
	
	
	
	
	
	
	
	
	
	
	
	
	
	
	
	
	
	
	
	
	
	
	
	
	
	
	
	
	
	
	
	
	
	
	
	
	
	
	
	
	
	
	
	
	
	
	
	
	
	
	
	
	
	
	
	
	
	
	
	
	
	
	
	
	
	
	
	
	
	
	
	
	
	
	
	
	
	
	
	
	
	
	
	
	
	
	
	
	
	
	
	
	
	
	
	
	
	
	
	
	
	
	
	
	
	
	
	
	
	
	
	
	
	
	
	
	
	
	
	
	
	
	
	
	
	
	
	
	
	
	
	
	
	
	
	
	
	
	
	
	
	
	
	
	
	
	
	
	
	
	
	
	
	
	
	
	
	
	
	
	
	
	
	
	
	
	
	
	
	
	
	
	
	
	
	
	
	
	
	
	
	
	
	
	
	
	
	
	
	
	
	
	
	
	
	
	
	
	
	
	
	
	
	
	
	
	
	
	
	
	
	
	
	
	
	
	
	
	
</channel>
</rss>
