<?xml version="1.0" encoding="UTF-8"?>
<!-- This is a WordPress eXtended RSS file generated by WordPress as an export of your site. -->
<!-- It contains information about your site's posts, pages, comments, categories, and other content. -->
<!-- You may use this file to transfer that content from one site to another. -->
<!-- This file is not intended to serve as a complete backup of your site. -->
<!-- To import this information into a WordPress site follow these steps: -->
<!-- 1. Log in to that site as an administrator. -->
<!-- 2. Go to Tools: Import in the WordPress admin panel. -->
<!-- 3. Install the "WordPress" importer from the list. -->
<!-- 4. Activate & Run Importer. -->
<!-- 5. Upload this file using the form provided on that page. -->
<!-- 6. You will first be asked to map the authors in this export file to users -->
<!--    on the site. For each author, you may choose to map to an -->
<!--    existing user on the site or to create a new user. -->
<!-- 7. WordPress will then import each of the posts, pages, comments, categories, etc. -->
<!--    contained in this file into your site. -->
<!-- generator="WordPress/4.0" created="2014-10-06 15:10" -->
<rss xmlns:excerpt="http://wordpress.org/export/1.2/excerpt/" xmlns:content="http://purl.org/rss/1.0/modules/content/" xmlns:wfw="http://wellformedweb.org/CommentAPI/" xmlns:dc="http://purl.org/dc/elements/1.1/" xmlns:wp="http://wordpress.org/export/1.2/" version="2.0">

<channel>
	<title>Stockholm</title>
	<link>http://demo.select-themes.com/stockholm9</link>
	<description>Clean Multi-Purpose WordPress Theme</description>
	<pubDate>Mon, 06 Oct 2014 15:10:53 +0000</pubDate>
	<language>en-US</language>
	<wp:wxr_version>1.2</wp:wxr_version>
	<wp:base_site_url>http://demo.select-themes.com/stockholm9</wp:base_site_url>
	<wp:base_blog_url>http://demo.select-themes.com/stockholm9</wp:base_blog_url>

	<wp:author><wp:author_id>3</wp:author_id><wp:author_login>raymichael</wp:author_login><wp:author_email>raymichael2014@gmail.com</wp:author_email><wp:author_display_name><![CDATA[Ray Michael]]></wp:author_display_name><wp:author_first_name><![CDATA[Ray]]></wp:author_first_name><wp:author_last_name><![CDATA[Michael]]></wp:author_last_name></wp:author>
	<wp:author><wp:author_id>1</wp:author_id><wp:author_login>admin</wp:author_login><wp:author_email>support@qodeinteractive.com</wp:author_email><wp:author_display_name><![CDATA[admin]]></wp:author_display_name><wp:author_first_name><![CDATA[Select]]></wp:author_first_name><wp:author_last_name><![CDATA[Themes]]></wp:author_last_name></wp:author>

	<wp:category><wp:term_id>17</wp:term_id><wp:category_nicename>art</wp:category_nicename><wp:category_parent/><wp:cat_name><![CDATA[Art]]></wp:cat_name></wp:category>
	<wp:category><wp:term_id>2</wp:term_id><wp:category_nicename>business</wp:category_nicename><wp:category_parent/><wp:cat_name><![CDATA[Business]]></wp:cat_name></wp:category>
	<wp:category><wp:term_id>39</wp:term_id><wp:category_nicename>design</wp:category_nicename><wp:category_parent/><wp:cat_name><![CDATA[Design]]></wp:cat_name></wp:category>
	<wp:category><wp:term_id>40</wp:term_id><wp:category_nicename>music</wp:category_nicename><wp:category_parent/><wp:cat_name><![CDATA[Music]]></wp:cat_name></wp:category>
	<wp:category><wp:term_id>5</wp:term_id><wp:category_nicename>photography</wp:category_nicename><wp:category_parent/><wp:cat_name><![CDATA[Photography]]></wp:cat_name></wp:category>
	<wp:category><wp:term_id>10</wp:term_id><wp:category_nicename>sport</wp:category_nicename><wp:category_parent/><wp:cat_name><![CDATA[Sport]]></wp:cat_name></wp:category>
	<wp:category><wp:term_id>1</wp:term_id><wp:category_nicename>uncategorized</wp:category_nicename><wp:category_parent/><wp:cat_name><![CDATA[Uncategorized]]></wp:cat_name></wp:category>
	<wp:tag><wp:term_id>49</wp:term_id><wp:tag_slug>analysis</wp:tag_slug><wp:tag_name><![CDATA[Analysis]]></wp:tag_name></wp:tag>
	<wp:tag><wp:term_id>17</wp:term_id><wp:tag_slug>art</wp:tag_slug><wp:tag_name><![CDATA[Art]]></wp:tag_name></wp:tag>
	<wp:tag><wp:term_id>48</wp:term_id><wp:tag_slug>articles</wp:tag_slug><wp:tag_name><![CDATA[Articles]]></wp:tag_name></wp:tag>
	<wp:tag><wp:term_id>14</wp:term_id><wp:tag_slug>audio</wp:tag_slug><wp:tag_name><![CDATA[Audio]]></wp:tag_name></wp:tag>
	<wp:tag><wp:term_id>2</wp:term_id><wp:tag_slug>business</wp:tag_slug><wp:tag_name><![CDATA[Business]]></wp:tag_name></wp:tag>
	<wp:tag><wp:term_id>51</wp:term_id><wp:tag_slug>culture</wp:tag_slug><wp:tag_name><![CDATA[Culture]]></wp:tag_name></wp:tag>
	<wp:tag><wp:term_id>16</wp:term_id><wp:tag_slug>development</wp:tag_slug><wp:tag_name><![CDATA[Development]]></wp:tag_name></wp:tag>
	<wp:tag><wp:term_id>55</wp:term_id><wp:tag_slug>ecology</wp:tag_slug><wp:tag_name><![CDATA[Ecology]]></wp:tag_name></wp:tag>
	<wp:tag><wp:term_id>54</wp:term_id><wp:tag_slug>events</wp:tag_slug><wp:tag_name><![CDATA[Events]]></wp:tag_name></wp:tag>
	<wp:tag><wp:term_id>52</wp:term_id><wp:tag_slug>information</wp:tag_slug><wp:tag_name><![CDATA[Information]]></wp:tag_name></wp:tag>
	<wp:tag><wp:term_id>50</wp:term_id><wp:tag_slug>inspiration</wp:tag_slug><wp:tag_name><![CDATA[Inspiration]]></wp:tag_name></wp:tag>
	<wp:tag><wp:term_id>56</wp:term_id><wp:tag_slug>nature</wp:tag_slug><wp:tag_name><![CDATA[Nature]]></wp:tag_name></wp:tag>
	<wp:tag><wp:term_id>7</wp:term_id><wp:tag_slug>opportunities</wp:tag_slug><wp:tag_name><![CDATA[Opportunities]]></wp:tag_name></wp:tag>
	<wp:tag><wp:term_id>57</wp:term_id><wp:tag_slug>science</wp:tag_slug><wp:tag_name><![CDATA[Science]]></wp:tag_name></wp:tag>
	<wp:tag><wp:term_id>10</wp:term_id><wp:tag_slug>sport</wp:tag_slug><wp:tag_name><![CDATA[Sport]]></wp:tag_name></wp:tag>
	<wp:tag><wp:term_id>4</wp:term_id><wp:tag_slug>stress</wp:tag_slug><wp:tag_name><![CDATA[Stress]]></wp:tag_name></wp:tag>
	<wp:tag><wp:term_id>15</wp:term_id><wp:tag_slug>swimming</wp:tag_slug><wp:tag_name><![CDATA[Swimming]]></wp:tag_name></wp:tag>
	<wp:tag><wp:term_id>53</wp:term_id><wp:tag_slug>trends</wp:tag_slug><wp:tag_name><![CDATA[Trends]]></wp:tag_name></wp:tag>
	<wp:tag><wp:term_id>13</wp:term_id><wp:tag_slug>video</wp:tag_slug><wp:tag_name><![CDATA[Video]]></wp:tag_name></wp:tag>
	<wp:tag><wp:term_id>9</wp:term_id><wp:tag_slug>web-design</wp:tag_slug><wp:tag_name><![CDATA[Web Design]]></wp:tag_name></wp:tag>
	<wp:term><wp:term_id>144</wp:term_id><wp:term_taxonomy>product_tag</wp:term_taxonomy><wp:term_slug>armchair</wp:term_slug><wp:term_parent/><wp:term_name><![CDATA[armchair]]></wp:term_name></wp:term>
	<wp:term><wp:term_id>17</wp:term_id><wp:term_taxonomy>portfolio_category</wp:term_taxonomy><wp:term_slug>art</wp:term_slug><wp:term_parent/><wp:term_name><![CDATA[Art]]></wp:term_name></wp:term>
	<wp:term><wp:term_id>136</wp:term_id><wp:term_taxonomy>testimonials_category</wp:term_taxonomy><wp:term_slug>art-2</wp:term_slug><wp:term_parent/><wp:term_name><![CDATA[art]]></wp:term_name></wp:term>
	<wp:term><wp:term_id>118</wp:term_id><wp:term_taxonomy>product_tag</wp:term_taxonomy><wp:term_slug>backpack</wp:term_slug><wp:term_parent/><wp:term_name><![CDATA[Backpack]]></wp:term_name></wp:term>
	<wp:term><wp:term_id>153</wp:term_id><wp:term_taxonomy>product_tag</wp:term_taxonomy><wp:term_slug>bicycle</wp:term_slug><wp:term_parent/><wp:term_name><![CDATA[Bicycle]]></wp:term_name></wp:term>
	<wp:term><wp:term_id>148</wp:term_id><wp:term_taxonomy>product_tag</wp:term_taxonomy><wp:term_slug>briefcase</wp:term_slug><wp:term_parent/><wp:term_name><![CDATA[briefcase]]></wp:term_name></wp:term>
	<wp:term><wp:term_id>2</wp:term_id><wp:term_taxonomy>portfolio_category</wp:term_taxonomy><wp:term_slug>business</wp:term_slug><wp:term_parent/><wp:term_name><![CDATA[Business]]></wp:term_name></wp:term>
	<wp:term><wp:term_id>97</wp:term_id><wp:term_taxonomy>product_tag</wp:term_taxonomy><wp:term_slug>case</wp:term_slug><wp:term_parent/><wp:term_name><![CDATA[Case]]></wp:term_name></wp:term>
	<wp:term><wp:term_id>163</wp:term_id><wp:term_taxonomy>carousels_category</wp:term_taxonomy><wp:term_slug>clients-carousel-dark</wp:term_slug><wp:term_parent/><wp:term_name><![CDATA[Clients Carousel Dark]]></wp:term_name></wp:term>
	<wp:term><wp:term_id>133</wp:term_id><wp:term_taxonomy>carousels_category</wp:term_taxonomy><wp:term_slug>clients-carousel-light</wp:term_slug><wp:term_parent/><wp:term_name><![CDATA[Clients Carousel Light]]></wp:term_name></wp:term>
	<wp:term><wp:term_id>108</wp:term_id><wp:term_taxonomy>product_tag</wp:term_taxonomy><wp:term_slug>cover</wp:term_slug><wp:term_parent/><wp:term_name><![CDATA[Cover]]></wp:term_name></wp:term>
	<wp:term><wp:term_id>123</wp:term_id><wp:term_taxonomy>product_tag</wp:term_taxonomy><wp:term_slug>crystal</wp:term_slug><wp:term_parent/><wp:term_name><![CDATA[Crystal]]></wp:term_name></wp:term>
	<wp:term><wp:term_id>23</wp:term_id><wp:term_taxonomy>product_type</wp:term_taxonomy><wp:term_slug>external</wp:term_slug><wp:term_parent/><wp:term_name><![CDATA[external]]></wp:term_name></wp:term>
	<wp:term><wp:term_id>138</wp:term_id><wp:term_taxonomy>portfolio_category</wp:term_taxonomy><wp:term_slug>fashion</wp:term_slug><wp:term_parent/><wp:term_name><![CDATA[Fashion]]></wp:term_name></wp:term>
	<wp:term><wp:term_id>114</wp:term_id><wp:term_taxonomy>product_tag</wp:term_taxonomy><wp:term_slug>flat-heel</wp:term_slug><wp:term_parent/><wp:term_name><![CDATA[Flat Heel]]></wp:term_name></wp:term>
	<wp:term><wp:term_id>116</wp:term_id><wp:term_taxonomy>product_tag</wp:term_taxonomy><wp:term_slug>footwear</wp:term_slug><wp:term_parent/><wp:term_name><![CDATA[Footwear]]></wp:term_name></wp:term>
	<wp:term><wp:term_id>147</wp:term_id><wp:term_taxonomy>product_tag</wp:term_taxonomy><wp:term_slug>gift-bag</wp:term_slug><wp:term_parent/><wp:term_name><![CDATA[gift bag]]></wp:term_name></wp:term>
	<wp:term><wp:term_id>96</wp:term_id><wp:term_taxonomy>product_tag</wp:term_taxonomy><wp:term_slug>glasses</wp:term_slug><wp:term_parent/><wp:term_name><![CDATA[Glasses]]></wp:term_name></wp:term>
	<wp:term><wp:term_id>21</wp:term_id><wp:term_taxonomy>product_type</wp:term_taxonomy><wp:term_slug>grouped</wp:term_slug><wp:term_parent/><wp:term_name><![CDATA[grouped]]></wp:term_name></wp:term>
	<wp:term><wp:term_id>101</wp:term_id><wp:term_taxonomy>product_tag</wp:term_taxonomy><wp:term_slug>handbag</wp:term_slug><wp:term_parent/><wp:term_name><![CDATA[Handbag]]></wp:term_name></wp:term>
	<wp:term><wp:term_id>68</wp:term_id><wp:term_taxonomy>product_tag</wp:term_taxonomy><wp:term_slug>headphones</wp:term_slug><wp:term_parent/><wp:term_name><![CDATA[Headphones]]></wp:term_name></wp:term>
	<wp:term><wp:term_id>74</wp:term_id><wp:term_taxonomy>product_tag</wp:term_taxonomy><wp:term_slug>iphone</wp:term_slug><wp:term_parent/><wp:term_name><![CDATA[iPhone]]></wp:term_name></wp:term>
	<wp:term><wp:term_id>150</wp:term_id><wp:term_taxonomy>product_tag</wp:term_taxonomy><wp:term_slug>lamp</wp:term_slug><wp:term_parent/><wp:term_name><![CDATA[lamp]]></wp:term_name></wp:term>
	<wp:term><wp:term_id>63</wp:term_id><wp:term_taxonomy>product_tag</wp:term_taxonomy><wp:term_slug>laptop</wp:term_slug><wp:term_parent/><wp:term_name><![CDATA[Laptop]]></wp:term_name></wp:term>
	<wp:term><wp:term_id>100</wp:term_id><wp:term_taxonomy>product_tag</wp:term_taxonomy><wp:term_slug>leather</wp:term_slug><wp:term_parent/><wp:term_name><![CDATA[Leather]]></wp:term_name></wp:term>
	<wp:term><wp:term_id>33</wp:term_id><wp:term_taxonomy>product_tag</wp:term_taxonomy><wp:term_slug>mountain</wp:term_slug><wp:term_parent/><wp:term_name><![CDATA[Mountain]]></wp:term_name></wp:term>
	<wp:term><wp:term_id>40</wp:term_id><wp:term_taxonomy>product_tag</wp:term_taxonomy><wp:term_slug>music</wp:term_slug><wp:term_parent/><wp:term_name><![CDATA[Music]]></wp:term_name></wp:term>
	<wp:term><wp:term_id>152</wp:term_id><wp:term_taxonomy>product_tag</wp:term_taxonomy><wp:term_slug>musical-instrument</wp:term_slug><wp:term_parent/><wp:term_name><![CDATA[musical instrument]]></wp:term_name></wp:term>
	<wp:term><wp:term_id>122</wp:term_id><wp:term_taxonomy>product_tag</wp:term_taxonomy><wp:term_slug>necklace</wp:term_slug><wp:term_parent/><wp:term_name><![CDATA[Necklace]]></wp:term_name></wp:term>
	<wp:term><wp:term_id>5</wp:term_id><wp:term_taxonomy>portfolio_category</wp:term_taxonomy><wp:term_slug>photography</wp:term_slug><wp:term_parent/><wp:term_name><![CDATA[Photography]]></wp:term_name></wp:term>
	<wp:term><wp:term_id>64</wp:term_id><wp:term_taxonomy>product_tag</wp:term_taxonomy><wp:term_slug>quad-core</wp:term_slug><wp:term_parent/><wp:term_name><![CDATA[Quad-Core]]></wp:term_name></wp:term>
	<wp:term><wp:term_id>73</wp:term_id><wp:term_taxonomy>product_tag</wp:term_taxonomy><wp:term_slug>rooter</wp:term_slug><wp:term_parent/><wp:term_name><![CDATA[Rooter]]></wp:term_name></wp:term>
	<wp:term><wp:term_id>119</wp:term_id><wp:term_taxonomy>product_tag</wp:term_taxonomy><wp:term_slug>rucksack</wp:term_slug><wp:term_parent/><wp:term_name><![CDATA[Rucksack]]></wp:term_name></wp:term>
	<wp:term><wp:term_id>34</wp:term_id><wp:term_taxonomy>product_tag</wp:term_taxonomy><wp:term_slug>running</wp:term_slug><wp:term_parent/><wp:term_name><![CDATA[Running]]></wp:term_name></wp:term>
	<wp:term><wp:term_id>151</wp:term_id><wp:term_taxonomy>product_tag</wp:term_taxonomy><wp:term_slug>saxophone</wp:term_slug><wp:term_parent/><wp:term_name><![CDATA[saxophone]]></wp:term_name></wp:term>
	<wp:term><wp:term_id>120</wp:term_id><wp:term_taxonomy>product_tag</wp:term_taxonomy><wp:term_slug>scarf</wp:term_slug><wp:term_parent/><wp:term_name><![CDATA[Scarf]]></wp:term_name></wp:term>
	<wp:term><wp:term_id>36</wp:term_id><wp:term_taxonomy>product_tag</wp:term_taxonomy><wp:term_slug>shirt</wp:term_slug><wp:term_parent/><wp:term_name><![CDATA[Shirt]]></wp:term_name></wp:term>
	<wp:term><wp:term_id>35</wp:term_id><wp:term_taxonomy>product_tag</wp:term_taxonomy><wp:term_slug>shoes</wp:term_slug><wp:term_parent/><wp:term_name><![CDATA[Shoes]]></wp:term_name></wp:term>
	<wp:term><wp:term_id>20</wp:term_id><wp:term_taxonomy>product_type</wp:term_taxonomy><wp:term_slug>simple</wp:term_slug><wp:term_parent/><wp:term_name><![CDATA[simple]]></wp:term_name></wp:term>
	<wp:term><wp:term_id>32</wp:term_id><wp:term_taxonomy>product_tag</wp:term_taxonomy><wp:term_slug>ski</wp:term_slug><wp:term_parent/><wp:term_name><![CDATA[Ski]]></wp:term_name></wp:term>
	<wp:term><wp:term_id>105</wp:term_id><wp:term_taxonomy>product_tag</wp:term_taxonomy><wp:term_slug>sleeve</wp:term_slug><wp:term_parent/><wp:term_name><![CDATA[Sleeve]]></wp:term_name></wp:term>
	<wp:term><wp:term_id>67</wp:term_id><wp:term_taxonomy>product_tag</wp:term_taxonomy><wp:term_slug>smartphone</wp:term_slug><wp:term_parent/><wp:term_name><![CDATA[Smartphone]]></wp:term_name></wp:term>
	<wp:term><wp:term_id>124</wp:term_id><wp:term_taxonomy>product_tag</wp:term_taxonomy><wp:term_slug>stone</wp:term_slug><wp:term_parent/><wp:term_name><![CDATA[Stone]]></wp:term_name></wp:term>
	<wp:term><wp:term_id>103</wp:term_id><wp:term_taxonomy>product_tag</wp:term_taxonomy><wp:term_slug>sunglasses</wp:term_slug><wp:term_parent/><wp:term_name><![CDATA[Sunglasses]]></wp:term_name></wp:term>
	<wp:term><wp:term_id>15</wp:term_id><wp:term_taxonomy>product_tag</wp:term_taxonomy><wp:term_slug>swimming</wp:term_slug><wp:term_parent/><wp:term_name><![CDATA[Swimming]]></wp:term_name></wp:term>
	<wp:term><wp:term_id>149</wp:term_id><wp:term_taxonomy>product_tag</wp:term_taxonomy><wp:term_slug>t-shirt</wp:term_slug><wp:term_parent/><wp:term_name><![CDATA[t-shirt]]></wp:term_name></wp:term>
	<wp:term><wp:term_id>69</wp:term_id><wp:term_taxonomy>product_tag</wp:term_taxonomy><wp:term_slug>tablet</wp:term_slug><wp:term_parent/><wp:term_name><![CDATA[Tablet]]></wp:term_name></wp:term>
	<wp:term><wp:term_id>145</wp:term_id><wp:term_taxonomy>product_tag</wp:term_taxonomy><wp:term_slug>tank-top</wp:term_slug><wp:term_parent/><wp:term_name><![CDATA[tank top]]></wp:term_name></wp:term>
	<wp:term><wp:term_id>106</wp:term_id><wp:term_taxonomy>product_tag</wp:term_taxonomy><wp:term_slug>travel</wp:term_slug><wp:term_parent/><wp:term_name><![CDATA[Travel]]></wp:term_name></wp:term>
	<wp:term><wp:term_id>72</wp:term_id><wp:term_taxonomy>product_tag</wp:term_taxonomy><wp:term_slug>tv</wp:term_slug><wp:term_parent/><wp:term_name><![CDATA[TV]]></wp:term_name></wp:term>
	<wp:term><wp:term_id>99</wp:term_id><wp:term_taxonomy>product_tag</wp:term_taxonomy><wp:term_slug>vanity-case</wp:term_slug><wp:term_parent/><wp:term_name><![CDATA[Vanity Case]]></wp:term_name></wp:term>
	<wp:term><wp:term_id>22</wp:term_id><wp:term_taxonomy>product_type</wp:term_taxonomy><wp:term_slug>variable</wp:term_slug><wp:term_parent/><wp:term_name><![CDATA[variable]]></wp:term_name></wp:term>
	<wp:term><wp:term_id>143</wp:term_id><wp:term_taxonomy>product_tag</wp:term_taxonomy><wp:term_slug>velvet</wp:term_slug><wp:term_parent/><wp:term_name><![CDATA[velvet]]></wp:term_name></wp:term>
	<wp:term><wp:term_id>102</wp:term_id><wp:term_taxonomy>product_tag</wp:term_taxonomy><wp:term_slug>vintage</wp:term_slug><wp:term_parent/><wp:term_name><![CDATA[Vintage]]></wp:term_name></wp:term>
	<wp:term><wp:term_id>110</wp:term_id><wp:term_taxonomy>product_tag</wp:term_taxonomy><wp:term_slug>wallet</wp:term_slug><wp:term_parent/><wp:term_name><![CDATA[Wallet]]></wp:term_name></wp:term>
	<wp:term><wp:term_id>70</wp:term_id><wp:term_taxonomy>product_tag</wp:term_taxonomy><wp:term_slug>watch</wp:term_slug><wp:term_parent/><wp:term_name><![CDATA[Watch]]></wp:term_name></wp:term>
	<wp:term><wp:term_id>71</wp:term_id><wp:term_taxonomy>product_tag</wp:term_taxonomy><wp:term_slug>wifi</wp:term_slug><wp:term_parent/><wp:term_name><![CDATA[WiFi]]></wp:term_name></wp:term>
	<wp:term><wp:term_id>37</wp:term_id><wp:term_taxonomy>product_tag</wp:term_taxonomy><wp:term_slug>workout</wp:term_slug><wp:term_parent/><wp:term_name><![CDATA[Workout]]></wp:term_name></wp:term>
	<wp:term><wp:term_id>146</wp:term_id><wp:term_taxonomy>product_tag</wp:term_taxonomy><wp:term_slug>yellow</wp:term_slug><wp:term_parent/><wp:term_name><![CDATA[yellow]]></wp:term_name></wp:term>
	<wp:term><wp:term_id>121</wp:term_id><wp:term_taxonomy>product_cat</wp:term_taxonomy><wp:term_slug>accessories</wp:term_slug><wp:term_parent/><wp:term_name><![CDATA[Accessories]]></wp:term_name></wp:term>
	<wp:term><wp:term_id>95</wp:term_id><wp:term_taxonomy>product_cat</wp:term_taxonomy><wp:term_slug>cases</wp:term_slug><wp:term_parent/><wp:term_name><![CDATA[Cases]]></wp:term_name></wp:term>
	<wp:term><wp:term_id>117</wp:term_id><wp:term_taxonomy>product_cat</wp:term_taxonomy><wp:term_slug>jackets</wp:term_slug><wp:term_parent/><wp:term_name><![CDATA[Jackets]]></wp:term_name></wp:term>
	<wp:term><wp:term_id>65</wp:term_id><wp:term_taxonomy>product_cat</wp:term_taxonomy><wp:term_slug>other</wp:term_slug><wp:term_parent/><wp:term_name><![CDATA[Other]]></wp:term_name></wp:term>
	<wp:term><wp:term_id>113</wp:term_id><wp:term_taxonomy>product_cat</wp:term_taxonomy><wp:term_slug>swimwear</wp:term_slug><wp:term_parent/><wp:term_name><![CDATA[Swimwear]]></wp:term_name></wp:term>
	<wp:term><wp:term_id>109</wp:term_id><wp:term_taxonomy>product_cat</wp:term_taxonomy><wp:term_slug>wallets</wp:term_slug><wp:term_parent/><wp:term_name><![CDATA[Wallets]]></wp:term_name></wp:term>
	<wp:term><wp:term_id>125</wp:term_id><wp:term_taxonomy>product_cat</wp:term_taxonomy><wp:term_slug>watches</wp:term_slug><wp:term_parent/><wp:term_name><![CDATA[Watches]]></wp:term_name></wp:term>
	<wp:term><wp:term_id>77</wp:term_id><wp:term_taxonomy>nav_menu</wp:term_taxonomy><wp:term_slug>top_menu</wp:term_slug><wp:term_name><![CDATA[top_menu]]></wp:term_name></wp:term>

	<generator>http://wordpress.org/?v=4.0</generator>

	
	<item>
				<title>b-10-best-productivity-secrets-revealed</title>
		<link>http://demo.select-themes.com/stockholm9/a-look-inside-the-future/b-10-best-productivity-secrets-revealed/</link>
		<pubDate>Tue, 29 Oct 2013 10:21:16 +0000</pubDate>
		<dc:creator><![CDATA[admin]]></dc:creator>
		<guid isPermaLink="false">http://demo.select-themes.com/stockholm9/wp-content/uploads/2013/10/b-10-best-productivity-secrets-revealed.jpg</guid>
		<description/>
		<content:encoded><![CDATA[]]></content:encoded>
		<excerpt:encoded><![CDATA[]]></excerpt:encoded>
		<wp:post_id>2820</wp:post_id>
		<wp:post_date>2013-10-29 10:21:16</wp:post_date>
		<wp:post_date_gmt>2013-10-29 10:21:16</wp:post_date_gmt>
		<wp:comment_status>open</wp:comment_status>
		<wp:ping_status>open</wp:ping_status>
		<wp:post_name>b-10-best-productivity-secrets-revealed</wp:post_name>
		<wp:status>inherit</wp:status>
		<wp:post_parent>17</wp:post_parent>
		<wp:menu_order>0</wp:menu_order>
		<wp:post_type>attachment</wp:post_type>
		<wp:post_password/>
		<wp:is_sticky>0</wp:is_sticky>
		<wp:attachment_url>http://demo.select-themes.com/stockholm9/wp-content/uploads/2013/10/b-10-best-productivity-secrets-revealed.jpg</wp:attachment_url>
		<wp:postmeta>
			<wp:meta_key>_wp_attached_file</wp:meta_key>
			<wp:meta_value><![CDATA[2013/10/b-10-best-productivity-secrets-revealed.jpg]]></wp:meta_value>
		</wp:postmeta>
		<wp:postmeta>
			<wp:meta_key>_wp_attachment_metadata</wp:meta_key>
			<wp:meta_value><![CDATA[a:5:{s:5:"width";i:1100;s:6:"height";i:825;s:4:"file";s:51:"2013/10/b-10-best-productivity-secrets-revealed.jpg";s:5:"sizes";a:19:{s:9:"thumbnail";a:4:{s:4:"file";s:51:"b-10-best-productivity-secrets-revealed-150x150.jpg";s:5:"width";i:150;s:6:"height";i:150;s:9:"mime-type";s:10:"image/jpeg";}s:6:"medium";a:4:{s:4:"file";s:51:"b-10-best-productivity-secrets-revealed-300x224.jpg";s:5:"width";i:300;s:6:"height";i:224;s:9:"mime-type";s:10:"image/jpeg";}s:5:"large";a:4:{s:4:"file";s:52:"b-10-best-productivity-secrets-revealed-1024x768.jpg";s:5:"width";i:1024;s:6:"height";i:768;s:9:"mime-type";s:10:"image/jpeg";}s:16:"portfolio-square";a:4:{s:4:"file";s:51:"b-10-best-productivity-secrets-revealed-550x550.jpg";s:5:"width";i:550;s:6:"height";i:550;s:9:"mime-type";s:10:"image/jpeg";}s:19:"portfolio-landscape";a:4:{s:4:"file";s:51:"b-10-best-productivity-secrets-revealed-800x600.jpg";s:5:"width";i:800;s:6:"height";i:600;s:9:"mime-type";s:10:"image/jpeg";}s:18:"portfolio-portrait";a:4:{s:4:"file";s:51:"b-10-best-productivity-secrets-revealed-600x800.jpg";s:5:"width";i:600;s:6:"height";i:800;s:9:"mime-type";s:10:"image/jpeg";}s:17:"portfolio-default";a:4:{s:4:"file";s:51:"b-10-best-productivity-secrets-revealed-550x498.jpg";s:5:"width";i:550;s:6:"height";i:498;s:9:"mime-type";s:10:"image/jpeg";}s:18:"menu-featured-post";a:4:{s:4:"file";s:51:"b-10-best-productivity-secrets-revealed-345x198.jpg";s:5:"width";i:345;s:6:"height";i:198;s:9:"mime-type";s:10:"image/jpeg";}s:20:"qode-carousel_slider";a:4:{s:4:"file";s:51:"b-10-best-productivity-secrets-revealed-400x260.jpg";s:5:"width";i:400;s:6:"height";i:260;s:9:"mime-type";s:10:"image/jpeg";}s:16:"portfolio_slider";a:4:{s:4:"file";s:51:"b-10-best-productivity-secrets-revealed-480x434.jpg";s:5:"width";i:480;s:6:"height";i:434;s:9:"mime-type";s:10:"image/jpeg";}s:25:"portfolio_masonry_regular";a:4:{s:4:"file";s:51:"b-10-best-productivity-secrets-revealed-500x500.jpg";s:5:"width";i:500;s:6:"height";i:500;s:9:"mime-type";s:10:"image/jpeg";}s:22:"portfolio_masonry_wide";a:4:{s:4:"file";s:52:"b-10-best-productivity-secrets-revealed-1000x500.jpg";s:5:"width";i:1000;s:6:"height";i:500;s:9:"mime-type";s:10:"image/jpeg";}s:22:"portfolio_masonry_tall";a:4:{s:4:"file";s:51:"b-10-best-productivity-secrets-revealed-500x825.jpg";s:5:"width";i:500;s:6:"height";i:825;s:9:"mime-type";s:10:"image/jpeg";}s:23:"portfolio_masonry_large";a:4:{s:4:"file";s:52:"b-10-best-productivity-secrets-revealed-1000x825.jpg";s:5:"width";i:1000;s:6:"height";i:825;s:9:"mime-type";s:10:"image/jpeg";}s:28:"portfolio_masonry_with_space";a:4:{s:4:"file";s:51:"b-10-best-productivity-secrets-revealed-700x525.jpg";s:5:"width";i:700;s:6:"height";i:525;s:9:"mime-type";s:10:"image/jpeg";}s:23:"latest_post_small_image";a:4:{s:4:"file";s:51:"b-10-best-productivity-secrets-revealed-125x112.jpg";s:5:"width";i:125;s:6:"height";i:112;s:9:"mime-type";s:10:"image/jpeg";}s:14:"shop_thumbnail";a:4:{s:4:"file";s:51:"b-10-best-productivity-secrets-revealed-170x127.jpg";s:5:"width";i:170;s:6:"height";i:127;s:9:"mime-type";s:10:"image/jpeg";}s:12:"shop_catalog";a:4:{s:4:"file";s:51:"b-10-best-productivity-secrets-revealed-254x300.jpg";s:5:"width";i:254;s:6:"height";i:300;s:9:"mime-type";s:10:"image/jpeg";}s:11:"shop_single";a:4:{s:4:"file";s:51:"b-10-best-productivity-secrets-revealed-538x538.jpg";s:5:"width";i:538;s:6:"height";i:538;s:9:"mime-type";s:10:"image/jpeg";}}s:10:"image_meta";a:10:{s:8:"aperture";i:0;s:6:"credit";s:0:"";s:6:"camera";s:0:"";s:7:"caption";s:0:"";s:17:"created_timestamp";i:0;s:9:"copyright";s:0:"";s:12:"focal_length";i:0;s:3:"iso";i:0;s:13:"shutter_speed";i:0;s:5:"title";s:0:"";}}]]></wp:meta_value>
		</wp:postmeta>
		<wp:postmeta>
			<wp:meta_key>_wp_attachment_image_alt</wp:meta_key>
			<wp:meta_value><![CDATA[]]></wp:meta_value>
		</wp:postmeta>
		<wp:postmeta>
			<wp:meta_key>_edit_last</wp:meta_key>
			<wp:meta_value><![CDATA[1]]></wp:meta_value>
		</wp:postmeta>
	</item>

	<item>
				<title>b-josh-woodward-already-there-remix</title>
		<link>http://demo.select-themes.com/stockholm9/josh-woodward-already-there-remix/b-josh-woodward-already-there-remix/</link>
		<pubDate>Tue, 29 Oct 2013 10:22:14 +0000</pubDate>
		<dc:creator><![CDATA[admin]]></dc:creator>
		<guid isPermaLink="false">http://demo.select-themes.com/stockholm9/wp-content/uploads/2013/10/b-josh-woodward-already-there-remix.jpg</guid>
		<description/>
		<content:encoded><![CDATA[]]></content:encoded>
		<excerpt:encoded><![CDATA[]]></excerpt:encoded>
		<wp:post_id>2821</wp:post_id>
		<wp:post_date>2013-10-29 10:22:14</wp:post_date>
		<wp:post_date_gmt>2013-10-29 10:22:14</wp:post_date_gmt>
		<wp:comment_status>open</wp:comment_status>
		<wp:ping_status>open</wp:ping_status>
		<wp:post_name>b-josh-woodward-already-there-remix</wp:post_name>
		<wp:status>inherit</wp:status>
		<wp:post_parent>14</wp:post_parent>
		<wp:menu_order>0</wp:menu_order>
		<wp:post_type>attachment</wp:post_type>
		<wp:post_password/>
		<wp:is_sticky>0</wp:is_sticky>
		<wp:attachment_url>http://demo.select-themes.com/stockholm9/wp-content/uploads/2013/10/b-josh-woodward-already-there-remix.jpg</wp:attachment_url>
		<wp:postmeta>
			<wp:meta_key>_wp_attached_file</wp:meta_key>
			<wp:meta_value><![CDATA[2013/10/b-josh-woodward-already-there-remix.jpg]]></wp:meta_value>
		</wp:postmeta>
		<wp:postmeta>
			<wp:meta_key>_wp_attachment_metadata</wp:meta_key>
			<wp:meta_value><![CDATA[a:5:{s:5:"width";i:1100;s:6:"height";i:825;s:4:"file";s:47:"2013/10/b-josh-woodward-already-there-remix.jpg";s:5:"sizes";a:19:{s:9:"thumbnail";a:4:{s:4:"file";s:47:"b-josh-woodward-already-there-remix-150x150.jpg";s:5:"width";i:150;s:6:"height";i:150;s:9:"mime-type";s:10:"image/jpeg";}s:6:"medium";a:4:{s:4:"file";s:47:"b-josh-woodward-already-there-remix-300x224.jpg";s:5:"width";i:300;s:6:"height";i:224;s:9:"mime-type";s:10:"image/jpeg";}s:5:"large";a:4:{s:4:"file";s:48:"b-josh-woodward-already-there-remix-1024x768.jpg";s:5:"width";i:1024;s:6:"height";i:768;s:9:"mime-type";s:10:"image/jpeg";}s:16:"portfolio-square";a:4:{s:4:"file";s:47:"b-josh-woodward-already-there-remix-550x550.jpg";s:5:"width";i:550;s:6:"height";i:550;s:9:"mime-type";s:10:"image/jpeg";}s:19:"portfolio-landscape";a:4:{s:4:"file";s:47:"b-josh-woodward-already-there-remix-800x600.jpg";s:5:"width";i:800;s:6:"height";i:600;s:9:"mime-type";s:10:"image/jpeg";}s:18:"portfolio-portrait";a:4:{s:4:"file";s:47:"b-josh-woodward-already-there-remix-600x800.jpg";s:5:"width";i:600;s:6:"height";i:800;s:9:"mime-type";s:10:"image/jpeg";}s:17:"portfolio-default";a:4:{s:4:"file";s:47:"b-josh-woodward-already-there-remix-550x498.jpg";s:5:"width";i:550;s:6:"height";i:498;s:9:"mime-type";s:10:"image/jpeg";}s:18:"menu-featured-post";a:4:{s:4:"file";s:47:"b-josh-woodward-already-there-remix-345x198.jpg";s:5:"width";i:345;s:6:"height";i:198;s:9:"mime-type";s:10:"image/jpeg";}s:20:"qode-carousel_slider";a:4:{s:4:"file";s:47:"b-josh-woodward-already-there-remix-400x260.jpg";s:5:"width";i:400;s:6:"height";i:260;s:9:"mime-type";s:10:"image/jpeg";}s:16:"portfolio_slider";a:4:{s:4:"file";s:47:"b-josh-woodward-already-there-remix-480x434.jpg";s:5:"width";i:480;s:6:"height";i:434;s:9:"mime-type";s:10:"image/jpeg";}s:25:"portfolio_masonry_regular";a:4:{s:4:"file";s:47:"b-josh-woodward-already-there-remix-500x500.jpg";s:5:"width";i:500;s:6:"height";i:500;s:9:"mime-type";s:10:"image/jpeg";}s:22:"portfolio_masonry_wide";a:4:{s:4:"file";s:48:"b-josh-woodward-already-there-remix-1000x500.jpg";s:5:"width";i:1000;s:6:"height";i:500;s:9:"mime-type";s:10:"image/jpeg";}s:22:"portfolio_masonry_tall";a:4:{s:4:"file";s:47:"b-josh-woodward-already-there-remix-500x825.jpg";s:5:"width";i:500;s:6:"height";i:825;s:9:"mime-type";s:10:"image/jpeg";}s:23:"portfolio_masonry_large";a:4:{s:4:"file";s:48:"b-josh-woodward-already-there-remix-1000x825.jpg";s:5:"width";i:1000;s:6:"height";i:825;s:9:"mime-type";s:10:"image/jpeg";}s:28:"portfolio_masonry_with_space";a:4:{s:4:"file";s:47:"b-josh-woodward-already-there-remix-700x525.jpg";s:5:"width";i:700;s:6:"height";i:525;s:9:"mime-type";s:10:"image/jpeg";}s:23:"latest_post_small_image";a:4:{s:4:"file";s:47:"b-josh-woodward-already-there-remix-125x112.jpg";s:5:"width";i:125;s:6:"height";i:112;s:9:"mime-type";s:10:"image/jpeg";}s:14:"shop_thumbnail";a:4:{s:4:"file";s:47:"b-josh-woodward-already-there-remix-170x127.jpg";s:5:"width";i:170;s:6:"height";i:127;s:9:"mime-type";s:10:"image/jpeg";}s:12:"shop_catalog";a:4:{s:4:"file";s:47:"b-josh-woodward-already-there-remix-254x300.jpg";s:5:"width";i:254;s:6:"height";i:300;s:9:"mime-type";s:10:"image/jpeg";}s:11:"shop_single";a:4:{s:4:"file";s:47:"b-josh-woodward-already-there-remix-538x538.jpg";s:5:"width";i:538;s:6:"height";i:538;s:9:"mime-type";s:10:"image/jpeg";}}s:10:"image_meta";a:10:{s:8:"aperture";i:0;s:6:"credit";s:0:"";s:6:"camera";s:0:"";s:7:"caption";s:0:"";s:17:"created_timestamp";i:0;s:9:"copyright";s:0:"";s:12:"focal_length";i:0;s:3:"iso";i:0;s:13:"shutter_speed";i:0;s:5:"title";s:0:"";}}]]></wp:meta_value>
		</wp:postmeta>
		<wp:postmeta>
			<wp:meta_key>_wp_attachment_image_alt</wp:meta_key>
			<wp:meta_value><![CDATA[]]></wp:meta_value>
		</wp:postmeta>
		<wp:postmeta>
			<wp:meta_key>_edit_last</wp:meta_key>
			<wp:meta_value><![CDATA[1]]></wp:meta_value>
		</wp:postmeta>
	</item>

	<item>
				<title>b-madrids-photographer-marathon</title>
		<link>http://demo.select-themes.com/stockholm9/madrids-photo-marathon/b-madrids-photographer-marathon/</link>
		<pubDate>Tue, 29 Oct 2013 10:24:58 +0000</pubDate>
		<dc:creator><![CDATA[admin]]></dc:creator>
		<guid isPermaLink="false">http://demo.select-themes.com/stockholm9/wp-content/uploads/2013/10/b-madrids-photographer-marathon.jpg</guid>
		<description/>
		<content:encoded><![CDATA[]]></content:encoded>
		<excerpt:encoded><![CDATA[]]></excerpt:encoded>
		<wp:post_id>2822</wp:post_id>
		<wp:post_date>2013-10-29 10:24:58</wp:post_date>
		<wp:post_date_gmt>2013-10-29 10:24:58</wp:post_date_gmt>
		<wp:comment_status>open</wp:comment_status>
		<wp:ping_status>open</wp:ping_status>
		<wp:post_name>b-madrids-photographer-marathon</wp:post_name>
		<wp:status>inherit</wp:status>
		<wp:post_parent>8</wp:post_parent>
		<wp:menu_order>0</wp:menu_order>
		<wp:post_type>attachment</wp:post_type>
		<wp:post_password/>
		<wp:is_sticky>0</wp:is_sticky>
		<wp:attachment_url>http://demo.select-themes.com/stockholm9/wp-content/uploads/2013/10/b-madrids-photographer-marathon.jpg</wp:attachment_url>
		<wp:postmeta>
			<wp:meta_key>_wp_attached_file</wp:meta_key>
			<wp:meta_value><![CDATA[2013/10/b-madrids-photographer-marathon.jpg]]></wp:meta_value>
		</wp:postmeta>
		<wp:postmeta>
			<wp:meta_key>_wp_attachment_metadata</wp:meta_key>
			<wp:meta_value><![CDATA[a:5:{s:5:"width";i:1100;s:6:"height";i:619;s:4:"file";s:43:"2013/10/b-madrids-photographer-marathon.jpg";s:5:"sizes";a:15:{s:9:"thumbnail";a:4:{s:4:"file";s:43:"b-madrids-photographer-marathon-150x150.jpg";s:5:"width";i:150;s:6:"height";i:150;s:9:"mime-type";s:10:"image/jpeg";}s:6:"medium";a:4:{s:4:"file";s:43:"b-madrids-photographer-marathon-300x168.jpg";s:5:"width";i:300;s:6:"height";i:168;s:9:"mime-type";s:10:"image/jpeg";}s:5:"large";a:4:{s:4:"file";s:44:"b-madrids-photographer-marathon-1024x576.jpg";s:5:"width";i:1024;s:6:"height";i:576;s:9:"mime-type";s:10:"image/jpeg";}s:18:"menu-featured-post";a:4:{s:4:"file";s:43:"b-madrids-photographer-marathon-345x198.jpg";s:5:"width";i:345;s:6:"height";i:198;s:9:"mime-type";s:10:"image/jpeg";}s:10:"page_image";a:4:{s:4:"file";s:41:"b-madrids-photographer-marathon-85x85.jpg";s:5:"width";i:85;s:6:"height";i:85;s:9:"mime-type";s:10:"image/jpeg";}s:17:"latest_post_image";a:4:{s:4:"file";s:41:"b-madrids-photographer-marathon-97x97.jpg";s:5:"width";i:97;s:6:"height";i:97;s:9:"mime-type";s:10:"image/jpeg";}s:21:"portfolio_list_square";a:4:{s:4:"file";s:43:"b-madrids-photographer-marathon-550x550.jpg";s:5:"width";i:550;s:6:"height";i:550;s:9:"mime-type";s:10:"image/jpeg";}s:23:"portfolio_list_portrait";a:4:{s:4:"file";s:43:"b-madrids-photographer-marathon-550x619.jpg";s:5:"width";i:550;s:6:"height";i:619;s:9:"mime-type";s:10:"image/jpeg";}s:22:"qode_gallery_thumbnail";a:4:{s:4:"file";s:43:"b-madrids-photographer-marathon-840x470.jpg";s:5:"width";i:840;s:6:"height";i:470;s:9:"mime-type";s:10:"image/jpeg";}s:22:"frame_slider_thumbnail";a:4:{s:4:"file";s:43:"b-madrids-photographer-marathon-645x426.jpg";s:5:"width";i:645;s:6:"height";i:426;s:9:"mime-type";s:10:"image/jpeg";}s:9:"blog_wide";a:4:{s:4:"file";s:44:"b-madrids-photographer-marathon-1100x450.jpg";s:5:"width";i:1100;s:6:"height";i:450;s:9:"mime-type";s:10:"image/jpeg";}s:24:"blog_small_image_in_grid";a:4:{s:4:"file";s:43:"b-madrids-photographer-marathon-990x557.jpg";s:5:"width";i:990;s:6:"height";i:557;s:9:"mime-type";s:10:"image/jpeg";}s:14:"shop_thumbnail";a:4:{s:4:"file";s:42:"b-madrids-photographer-marathon-170x95.jpg";s:5:"width";i:170;s:6:"height";i:95;s:9:"mime-type";s:10:"image/jpeg";}s:12:"shop_catalog";a:4:{s:4:"file";s:43:"b-madrids-photographer-marathon-254x300.jpg";s:5:"width";i:254;s:6:"height";i:300;s:9:"mime-type";s:10:"image/jpeg";}s:11:"shop_single";a:4:{s:4:"file";s:43:"b-madrids-photographer-marathon-538x538.jpg";s:5:"width";i:538;s:6:"height";i:538;s:9:"mime-type";s:10:"image/jpeg";}}s:10:"image_meta";a:10:{s:8:"aperture";i:0;s:6:"credit";s:0:"";s:6:"camera";s:0:"";s:7:"caption";s:0:"";s:17:"created_timestamp";i:0;s:9:"copyright";s:0:"";s:12:"focal_length";i:0;s:3:"iso";i:0;s:13:"shutter_speed";i:0;s:5:"title";s:0:"";}}]]></wp:meta_value>
		</wp:postmeta>
		<wp:postmeta>
			<wp:meta_key>_wp_attachment_image_alt</wp:meta_key>
			<wp:meta_value><![CDATA[]]></wp:meta_value>
		</wp:postmeta>
		<wp:postmeta>
			<wp:meta_key>_edit_last</wp:meta_key>
			<wp:meta_value><![CDATA[1]]></wp:meta_value>
		</wp:postmeta>
	</item>

	<item>
				<title>b-madrids-photographer-marathon-01</title>
		<link>http://demo.select-themes.com/stockholm9/madrids-photo-marathon/b-madrids-photographer-marathon-01/</link>
		<pubDate>Tue, 29 Oct 2013 10:25:20 +0000</pubDate>
		<dc:creator><![CDATA[admin]]></dc:creator>
		<guid isPermaLink="false">http://demo.select-themes.com/stockholm9/wp-content/uploads/2013/10/b-madrids-photographer-marathon-01.jpg</guid>
		<description/>
		<content:encoded><![CDATA[]]></content:encoded>
		<excerpt:encoded><![CDATA[]]></excerpt:encoded>
		<wp:post_id>2823</wp:post_id>
		<wp:post_date>2013-10-29 10:25:20</wp:post_date>
		<wp:post_date_gmt>2013-10-29 10:25:20</wp:post_date_gmt>
		<wp:comment_status>open</wp:comment_status>
		<wp:ping_status>open</wp:ping_status>
		<wp:post_name>b-madrids-photographer-marathon-01</wp:post_name>
		<wp:status>inherit</wp:status>
		<wp:post_parent>8</wp:post_parent>
		<wp:menu_order>0</wp:menu_order>
		<wp:post_type>attachment</wp:post_type>
		<wp:post_password/>
		<wp:is_sticky>0</wp:is_sticky>
		<wp:attachment_url>http://demo.select-themes.com/stockholm9/wp-content/uploads/2013/10/b-madrids-photographer-marathon-01.jpg</wp:attachment_url>
		<wp:postmeta>
			<wp:meta_key>_wp_attached_file</wp:meta_key>
			<wp:meta_value><![CDATA[2013/10/b-madrids-photographer-marathon-01.jpg]]></wp:meta_value>
		</wp:postmeta>
		<wp:postmeta>
			<wp:meta_key>_wp_attachment_metadata</wp:meta_key>
			<wp:meta_value><![CDATA[a:5:{s:5:"width";i:1100;s:6:"height";i:825;s:4:"file";s:46:"2013/10/b-madrids-photographer-marathon-01.jpg";s:5:"sizes";a:19:{s:9:"thumbnail";a:4:{s:4:"file";s:46:"b-madrids-photographer-marathon-01-150x150.jpg";s:5:"width";i:150;s:6:"height";i:150;s:9:"mime-type";s:10:"image/jpeg";}s:6:"medium";a:4:{s:4:"file";s:46:"b-madrids-photographer-marathon-01-300x224.jpg";s:5:"width";i:300;s:6:"height";i:224;s:9:"mime-type";s:10:"image/jpeg";}s:5:"large";a:4:{s:4:"file";s:47:"b-madrids-photographer-marathon-01-1024x768.jpg";s:5:"width";i:1024;s:6:"height";i:768;s:9:"mime-type";s:10:"image/jpeg";}s:16:"portfolio-square";a:4:{s:4:"file";s:46:"b-madrids-photographer-marathon-01-550x550.jpg";s:5:"width";i:550;s:6:"height";i:550;s:9:"mime-type";s:10:"image/jpeg";}s:19:"portfolio-landscape";a:4:{s:4:"file";s:46:"b-madrids-photographer-marathon-01-800x600.jpg";s:5:"width";i:800;s:6:"height";i:600;s:9:"mime-type";s:10:"image/jpeg";}s:18:"portfolio-portrait";a:4:{s:4:"file";s:46:"b-madrids-photographer-marathon-01-600x800.jpg";s:5:"width";i:600;s:6:"height";i:800;s:9:"mime-type";s:10:"image/jpeg";}s:17:"portfolio-default";a:4:{s:4:"file";s:46:"b-madrids-photographer-marathon-01-550x498.jpg";s:5:"width";i:550;s:6:"height";i:498;s:9:"mime-type";s:10:"image/jpeg";}s:18:"menu-featured-post";a:4:{s:4:"file";s:46:"b-madrids-photographer-marathon-01-345x198.jpg";s:5:"width";i:345;s:6:"height";i:198;s:9:"mime-type";s:10:"image/jpeg";}s:20:"qode-carousel_slider";a:4:{s:4:"file";s:46:"b-madrids-photographer-marathon-01-400x260.jpg";s:5:"width";i:400;s:6:"height";i:260;s:9:"mime-type";s:10:"image/jpeg";}s:16:"portfolio_slider";a:4:{s:4:"file";s:46:"b-madrids-photographer-marathon-01-480x434.jpg";s:5:"width";i:480;s:6:"height";i:434;s:9:"mime-type";s:10:"image/jpeg";}s:25:"portfolio_masonry_regular";a:4:{s:4:"file";s:46:"b-madrids-photographer-marathon-01-500x500.jpg";s:5:"width";i:500;s:6:"height";i:500;s:9:"mime-type";s:10:"image/jpeg";}s:22:"portfolio_masonry_wide";a:4:{s:4:"file";s:47:"b-madrids-photographer-marathon-01-1000x500.jpg";s:5:"width";i:1000;s:6:"height";i:500;s:9:"mime-type";s:10:"image/jpeg";}s:22:"portfolio_masonry_tall";a:4:{s:4:"file";s:46:"b-madrids-photographer-marathon-01-500x825.jpg";s:5:"width";i:500;s:6:"height";i:825;s:9:"mime-type";s:10:"image/jpeg";}s:23:"portfolio_masonry_large";a:4:{s:4:"file";s:47:"b-madrids-photographer-marathon-01-1000x825.jpg";s:5:"width";i:1000;s:6:"height";i:825;s:9:"mime-type";s:10:"image/jpeg";}s:28:"portfolio_masonry_with_space";a:4:{s:4:"file";s:46:"b-madrids-photographer-marathon-01-700x525.jpg";s:5:"width";i:700;s:6:"height";i:525;s:9:"mime-type";s:10:"image/jpeg";}s:23:"latest_post_small_image";a:4:{s:4:"file";s:46:"b-madrids-photographer-marathon-01-125x112.jpg";s:5:"width";i:125;s:6:"height";i:112;s:9:"mime-type";s:10:"image/jpeg";}s:14:"shop_thumbnail";a:4:{s:4:"file";s:46:"b-madrids-photographer-marathon-01-170x127.jpg";s:5:"width";i:170;s:6:"height";i:127;s:9:"mime-type";s:10:"image/jpeg";}s:12:"shop_catalog";a:4:{s:4:"file";s:46:"b-madrids-photographer-marathon-01-254x300.jpg";s:5:"width";i:254;s:6:"height";i:300;s:9:"mime-type";s:10:"image/jpeg";}s:11:"shop_single";a:4:{s:4:"file";s:46:"b-madrids-photographer-marathon-01-538x538.jpg";s:5:"width";i:538;s:6:"height";i:538;s:9:"mime-type";s:10:"image/jpeg";}}s:10:"image_meta";a:10:{s:8:"aperture";i:0;s:6:"credit";s:0:"";s:6:"camera";s:0:"";s:7:"caption";s:0:"";s:17:"created_timestamp";i:0;s:9:"copyright";s:0:"";s:12:"focal_length";i:0;s:3:"iso";i:0;s:13:"shutter_speed";i:0;s:5:"title";s:0:"";}}]]></wp:meta_value>
		</wp:postmeta>
		<wp:postmeta>
			<wp:meta_key>_qode-like</wp:meta_key>
			<wp:meta_value><![CDATA[0]]></wp:meta_value>
		</wp:postmeta>
		<wp:postmeta>
			<wp:meta_key>_wp_attachment_image_alt</wp:meta_key>
			<wp:meta_value><![CDATA[]]></wp:meta_value>
		</wp:postmeta>
		<wp:postmeta>
			<wp:meta_key>_edit_last</wp:meta_key>
			<wp:meta_value><![CDATA[1]]></wp:meta_value>
		</wp:postmeta>
	</item>

	<item>
				<title>b-madrids-photographer-marathon-02</title>
		<link>http://demo.select-themes.com/stockholm9/madrids-photo-marathon/b-madrids-photographer-marathon-02/</link>
		<pubDate>Tue, 29 Oct 2013 10:25:23 +0000</pubDate>
		<dc:creator><![CDATA[admin]]></dc:creator>
		<guid isPermaLink="false">http://demo.select-themes.com/stockholm9/wp-content/uploads/2013/10/b-madrids-photographer-marathon-02.jpg</guid>
		<description/>
		<content:encoded><![CDATA[]]></content:encoded>
		<excerpt:encoded><![CDATA[]]></excerpt:encoded>
		<wp:post_id>2824</wp:post_id>
		<wp:post_date>2013-10-29 10:25:23</wp:post_date>
		<wp:post_date_gmt>2013-10-29 10:25:23</wp:post_date_gmt>
		<wp:comment_status>open</wp:comment_status>
		<wp:ping_status>open</wp:ping_status>
		<wp:post_name>b-madrids-photographer-marathon-02</wp:post_name>
		<wp:status>inherit</wp:status>
		<wp:post_parent>8</wp:post_parent>
		<wp:menu_order>0</wp:menu_order>
		<wp:post_type>attachment</wp:post_type>
		<wp:post_password/>
		<wp:is_sticky>0</wp:is_sticky>
		<wp:attachment_url>http://demo.select-themes.com/stockholm9/wp-content/uploads/2013/10/b-madrids-photographer-marathon-02.jpg</wp:attachment_url>
		<wp:postmeta>
			<wp:meta_key>_wp_attached_file</wp:meta_key>
			<wp:meta_value><![CDATA[2013/10/b-madrids-photographer-marathon-02.jpg]]></wp:meta_value>
		</wp:postmeta>
		<wp:postmeta>
			<wp:meta_key>_wp_attachment_metadata</wp:meta_key>
			<wp:meta_value><![CDATA[a:5:{s:5:"width";i:1100;s:6:"height";i:825;s:4:"file";s:46:"2013/10/b-madrids-photographer-marathon-02.jpg";s:5:"sizes";a:19:{s:9:"thumbnail";a:4:{s:4:"file";s:46:"b-madrids-photographer-marathon-02-150x150.jpg";s:5:"width";i:150;s:6:"height";i:150;s:9:"mime-type";s:10:"image/jpeg";}s:6:"medium";a:4:{s:4:"file";s:46:"b-madrids-photographer-marathon-02-300x224.jpg";s:5:"width";i:300;s:6:"height";i:224;s:9:"mime-type";s:10:"image/jpeg";}s:5:"large";a:4:{s:4:"file";s:47:"b-madrids-photographer-marathon-02-1024x768.jpg";s:5:"width";i:1024;s:6:"height";i:768;s:9:"mime-type";s:10:"image/jpeg";}s:16:"portfolio-square";a:4:{s:4:"file";s:46:"b-madrids-photographer-marathon-02-550x550.jpg";s:5:"width";i:550;s:6:"height";i:550;s:9:"mime-type";s:10:"image/jpeg";}s:19:"portfolio-landscape";a:4:{s:4:"file";s:46:"b-madrids-photographer-marathon-02-800x600.jpg";s:5:"width";i:800;s:6:"height";i:600;s:9:"mime-type";s:10:"image/jpeg";}s:18:"portfolio-portrait";a:4:{s:4:"file";s:46:"b-madrids-photographer-marathon-02-600x800.jpg";s:5:"width";i:600;s:6:"height";i:800;s:9:"mime-type";s:10:"image/jpeg";}s:17:"portfolio-default";a:4:{s:4:"file";s:46:"b-madrids-photographer-marathon-02-550x498.jpg";s:5:"width";i:550;s:6:"height";i:498;s:9:"mime-type";s:10:"image/jpeg";}s:18:"menu-featured-post";a:4:{s:4:"file";s:46:"b-madrids-photographer-marathon-02-345x198.jpg";s:5:"width";i:345;s:6:"height";i:198;s:9:"mime-type";s:10:"image/jpeg";}s:20:"qode-carousel_slider";a:4:{s:4:"file";s:46:"b-madrids-photographer-marathon-02-400x260.jpg";s:5:"width";i:400;s:6:"height";i:260;s:9:"mime-type";s:10:"image/jpeg";}s:16:"portfolio_slider";a:4:{s:4:"file";s:46:"b-madrids-photographer-marathon-02-480x434.jpg";s:5:"width";i:480;s:6:"height";i:434;s:9:"mime-type";s:10:"image/jpeg";}s:25:"portfolio_masonry_regular";a:4:{s:4:"file";s:46:"b-madrids-photographer-marathon-02-500x500.jpg";s:5:"width";i:500;s:6:"height";i:500;s:9:"mime-type";s:10:"image/jpeg";}s:22:"portfolio_masonry_wide";a:4:{s:4:"file";s:47:"b-madrids-photographer-marathon-02-1000x500.jpg";s:5:"width";i:1000;s:6:"height";i:500;s:9:"mime-type";s:10:"image/jpeg";}s:22:"portfolio_masonry_tall";a:4:{s:4:"file";s:46:"b-madrids-photographer-marathon-02-500x825.jpg";s:5:"width";i:500;s:6:"height";i:825;s:9:"mime-type";s:10:"image/jpeg";}s:23:"portfolio_masonry_large";a:4:{s:4:"file";s:47:"b-madrids-photographer-marathon-02-1000x825.jpg";s:5:"width";i:1000;s:6:"height";i:825;s:9:"mime-type";s:10:"image/jpeg";}s:28:"portfolio_masonry_with_space";a:4:{s:4:"file";s:46:"b-madrids-photographer-marathon-02-700x525.jpg";s:5:"width";i:700;s:6:"height";i:525;s:9:"mime-type";s:10:"image/jpeg";}s:23:"latest_post_small_image";a:4:{s:4:"file";s:46:"b-madrids-photographer-marathon-02-125x112.jpg";s:5:"width";i:125;s:6:"height";i:112;s:9:"mime-type";s:10:"image/jpeg";}s:14:"shop_thumbnail";a:4:{s:4:"file";s:46:"b-madrids-photographer-marathon-02-170x127.jpg";s:5:"width";i:170;s:6:"height";i:127;s:9:"mime-type";s:10:"image/jpeg";}s:12:"shop_catalog";a:4:{s:4:"file";s:46:"b-madrids-photographer-marathon-02-254x300.jpg";s:5:"width";i:254;s:6:"height";i:300;s:9:"mime-type";s:10:"image/jpeg";}s:11:"shop_single";a:4:{s:4:"file";s:46:"b-madrids-photographer-marathon-02-538x538.jpg";s:5:"width";i:538;s:6:"height";i:538;s:9:"mime-type";s:10:"image/jpeg";}}s:10:"image_meta";a:10:{s:8:"aperture";i:0;s:6:"credit";s:0:"";s:6:"camera";s:0:"";s:7:"caption";s:0:"";s:17:"created_timestamp";i:0;s:9:"copyright";s:0:"";s:12:"focal_length";i:0;s:3:"iso";i:0;s:13:"shutter_speed";i:0;s:5:"title";s:0:"";}}]]></wp:meta_value>
		</wp:postmeta>
		<wp:postmeta>
			<wp:meta_key>_qode-like</wp:meta_key>
			<wp:meta_value><![CDATA[0]]></wp:meta_value>
		</wp:postmeta>
		<wp:postmeta>
			<wp:meta_key>_wp_attachment_image_alt</wp:meta_key>
			<wp:meta_value><![CDATA[a]]></wp:meta_value>
		</wp:postmeta>
		<wp:postmeta>
			<wp:meta_key>_edit_last</wp:meta_key>
			<wp:meta_value><![CDATA[1]]></wp:meta_value>
		</wp:postmeta>
	</item>

	<item>
				<title>b-inteligent-transitions-in-ux-design</title>
		<link>http://demo.select-themes.com/stockholm9/inteligent-transitions-in-ux-design/b-inteligent-transitions-in-ux-design/</link>
		<pubDate>Tue, 29 Oct 2013 10:26:40 +0000</pubDate>
		<dc:creator><![CDATA[admin]]></dc:creator>
		<guid isPermaLink="false">http://demo.select-themes.com/stockholm9/wp-content/uploads/2013/10/b-inteligent-transitions-in-ux-design.jpg</guid>
		<description/>
		<content:encoded><![CDATA[]]></content:encoded>
		<excerpt:encoded><![CDATA[]]></excerpt:encoded>
		<wp:post_id>2826</wp:post_id>
		<wp:post_date>2013-10-29 10:26:40</wp:post_date>
		<wp:post_date_gmt>2013-10-29 10:26:40</wp:post_date_gmt>
		<wp:comment_status>open</wp:comment_status>
		<wp:ping_status>open</wp:ping_status>
		<wp:post_name>b-inteligent-transitions-in-ux-design</wp:post_name>
		<wp:status>inherit</wp:status>
		<wp:post_parent>5</wp:post_parent>
		<wp:menu_order>0</wp:menu_order>
		<wp:post_type>attachment</wp:post_type>
		<wp:post_password/>
		<wp:is_sticky>0</wp:is_sticky>
		<wp:attachment_url>http://demo.select-themes.com/stockholm9/wp-content/uploads/2013/10/b-inteligent-transitions-in-ux-design.jpg</wp:attachment_url>
		<wp:postmeta>
			<wp:meta_key>_wp_attached_file</wp:meta_key>
			<wp:meta_value><![CDATA[2013/10/b-inteligent-transitions-in-ux-design.jpg]]></wp:meta_value>
		</wp:postmeta>
		<wp:postmeta>
			<wp:meta_key>_wp_attachment_metadata</wp:meta_key>
			<wp:meta_value><![CDATA[a:5:{s:5:"width";i:1100;s:6:"height";i:825;s:4:"file";s:49:"2013/10/b-inteligent-transitions-in-ux-design.jpg";s:5:"sizes";a:19:{s:9:"thumbnail";a:4:{s:4:"file";s:49:"b-inteligent-transitions-in-ux-design-150x150.jpg";s:5:"width";i:150;s:6:"height";i:150;s:9:"mime-type";s:10:"image/jpeg";}s:6:"medium";a:4:{s:4:"file";s:49:"b-inteligent-transitions-in-ux-design-300x224.jpg";s:5:"width";i:300;s:6:"height";i:224;s:9:"mime-type";s:10:"image/jpeg";}s:5:"large";a:4:{s:4:"file";s:50:"b-inteligent-transitions-in-ux-design-1024x768.jpg";s:5:"width";i:1024;s:6:"height";i:768;s:9:"mime-type";s:10:"image/jpeg";}s:16:"portfolio-square";a:4:{s:4:"file";s:49:"b-inteligent-transitions-in-ux-design-550x550.jpg";s:5:"width";i:550;s:6:"height";i:550;s:9:"mime-type";s:10:"image/jpeg";}s:19:"portfolio-landscape";a:4:{s:4:"file";s:49:"b-inteligent-transitions-in-ux-design-800x600.jpg";s:5:"width";i:800;s:6:"height";i:600;s:9:"mime-type";s:10:"image/jpeg";}s:18:"portfolio-portrait";a:4:{s:4:"file";s:49:"b-inteligent-transitions-in-ux-design-600x800.jpg";s:5:"width";i:600;s:6:"height";i:800;s:9:"mime-type";s:10:"image/jpeg";}s:17:"portfolio-default";a:4:{s:4:"file";s:49:"b-inteligent-transitions-in-ux-design-550x498.jpg";s:5:"width";i:550;s:6:"height";i:498;s:9:"mime-type";s:10:"image/jpeg";}s:18:"menu-featured-post";a:4:{s:4:"file";s:49:"b-inteligent-transitions-in-ux-design-345x198.jpg";s:5:"width";i:345;s:6:"height";i:198;s:9:"mime-type";s:10:"image/jpeg";}s:20:"qode-carousel_slider";a:4:{s:4:"file";s:49:"b-inteligent-transitions-in-ux-design-400x260.jpg";s:5:"width";i:400;s:6:"height";i:260;s:9:"mime-type";s:10:"image/jpeg";}s:16:"portfolio_slider";a:4:{s:4:"file";s:49:"b-inteligent-transitions-in-ux-design-480x434.jpg";s:5:"width";i:480;s:6:"height";i:434;s:9:"mime-type";s:10:"image/jpeg";}s:25:"portfolio_masonry_regular";a:4:{s:4:"file";s:49:"b-inteligent-transitions-in-ux-design-500x500.jpg";s:5:"width";i:500;s:6:"height";i:500;s:9:"mime-type";s:10:"image/jpeg";}s:22:"portfolio_masonry_wide";a:4:{s:4:"file";s:50:"b-inteligent-transitions-in-ux-design-1000x500.jpg";s:5:"width";i:1000;s:6:"height";i:500;s:9:"mime-type";s:10:"image/jpeg";}s:22:"portfolio_masonry_tall";a:4:{s:4:"file";s:49:"b-inteligent-transitions-in-ux-design-500x825.jpg";s:5:"width";i:500;s:6:"height";i:825;s:9:"mime-type";s:10:"image/jpeg";}s:23:"portfolio_masonry_large";a:4:{s:4:"file";s:50:"b-inteligent-transitions-in-ux-design-1000x825.jpg";s:5:"width";i:1000;s:6:"height";i:825;s:9:"mime-type";s:10:"image/jpeg";}s:28:"portfolio_masonry_with_space";a:4:{s:4:"file";s:49:"b-inteligent-transitions-in-ux-design-700x525.jpg";s:5:"width";i:700;s:6:"height";i:525;s:9:"mime-type";s:10:"image/jpeg";}s:23:"latest_post_small_image";a:4:{s:4:"file";s:49:"b-inteligent-transitions-in-ux-design-125x112.jpg";s:5:"width";i:125;s:6:"height";i:112;s:9:"mime-type";s:10:"image/jpeg";}s:14:"shop_thumbnail";a:4:{s:4:"file";s:49:"b-inteligent-transitions-in-ux-design-170x127.jpg";s:5:"width";i:170;s:6:"height";i:127;s:9:"mime-type";s:10:"image/jpeg";}s:12:"shop_catalog";a:4:{s:4:"file";s:49:"b-inteligent-transitions-in-ux-design-254x300.jpg";s:5:"width";i:254;s:6:"height";i:300;s:9:"mime-type";s:10:"image/jpeg";}s:11:"shop_single";a:4:{s:4:"file";s:49:"b-inteligent-transitions-in-ux-design-538x538.jpg";s:5:"width";i:538;s:6:"height";i:538;s:9:"mime-type";s:10:"image/jpeg";}}s:10:"image_meta";a:10:{s:8:"aperture";i:0;s:6:"credit";s:0:"";s:6:"camera";s:0:"";s:7:"caption";s:0:"";s:17:"created_timestamp";i:0;s:9:"copyright";s:0:"";s:12:"focal_length";i:0;s:3:"iso";i:0;s:13:"shutter_speed";i:0;s:5:"title";s:0:"";}}]]></wp:meta_value>
		</wp:postmeta>
		<wp:postmeta>
			<wp:meta_key>_wp_attachment_image_alt</wp:meta_key>
			<wp:meta_value><![CDATA[]]></wp:meta_value>
		</wp:postmeta>
		<wp:postmeta>
			<wp:meta_key>_edit_last</wp:meta_key>
			<wp:meta_value><![CDATA[1]]></wp:meta_value>
		</wp:postmeta>
	</item>

	<item>
				<title>b-icelands-biggest-volcano-timelapse</title>
		<link>http://demo.select-themes.com/stockholm9/earths-volcano-timelapse/b-icelands-biggest-volcano-timelapse/</link>
		<pubDate>Tue, 29 Oct 2013 10:27:42 +0000</pubDate>
		<dc:creator><![CDATA[admin]]></dc:creator>
		<guid isPermaLink="false">http://demo.select-themes.com/stockholm9/wp-content/uploads/2013/10/b-icelands-biggest-volcano-timelapse.jpg</guid>
		<description/>
		<content:encoded><![CDATA[]]></content:encoded>
		<excerpt:encoded><![CDATA[]]></excerpt:encoded>
		<wp:post_id>2827</wp:post_id>
		<wp:post_date>2013-10-29 10:27:42</wp:post_date>
		<wp:post_date_gmt>2013-10-29 10:27:42</wp:post_date_gmt>
		<wp:comment_status>open</wp:comment_status>
		<wp:ping_status>open</wp:ping_status>
		<wp:post_name>b-icelands-biggest-volcano-timelapse</wp:post_name>
		<wp:status>inherit</wp:status>
		<wp:post_parent>40</wp:post_parent>
		<wp:menu_order>0</wp:menu_order>
		<wp:post_type>attachment</wp:post_type>
		<wp:post_password/>
		<wp:is_sticky>0</wp:is_sticky>
		<wp:attachment_url>http://demo.select-themes.com/stockholm9/wp-content/uploads/2013/10/b-icelands-biggest-volcano-timelapse.jpg</wp:attachment_url>
		<wp:postmeta>
			<wp:meta_key>_wp_attached_file</wp:meta_key>
			<wp:meta_value><![CDATA[2013/10/b-icelands-biggest-volcano-timelapse.jpg]]></wp:meta_value>
		</wp:postmeta>
		<wp:postmeta>
			<wp:meta_key>_wp_attachment_metadata</wp:meta_key>
			<wp:meta_value><![CDATA[a:5:{s:5:"width";i:1100;s:6:"height";i:825;s:4:"file";s:48:"2013/10/b-icelands-biggest-volcano-timelapse.jpg";s:5:"sizes";a:19:{s:9:"thumbnail";a:4:{s:4:"file";s:48:"b-icelands-biggest-volcano-timelapse-150x150.jpg";s:5:"width";i:150;s:6:"height";i:150;s:9:"mime-type";s:10:"image/jpeg";}s:6:"medium";a:4:{s:4:"file";s:48:"b-icelands-biggest-volcano-timelapse-300x224.jpg";s:5:"width";i:300;s:6:"height";i:224;s:9:"mime-type";s:10:"image/jpeg";}s:5:"large";a:4:{s:4:"file";s:49:"b-icelands-biggest-volcano-timelapse-1024x768.jpg";s:5:"width";i:1024;s:6:"height";i:768;s:9:"mime-type";s:10:"image/jpeg";}s:16:"portfolio-square";a:4:{s:4:"file";s:48:"b-icelands-biggest-volcano-timelapse-550x550.jpg";s:5:"width";i:550;s:6:"height";i:550;s:9:"mime-type";s:10:"image/jpeg";}s:19:"portfolio-landscape";a:4:{s:4:"file";s:48:"b-icelands-biggest-volcano-timelapse-800x600.jpg";s:5:"width";i:800;s:6:"height";i:600;s:9:"mime-type";s:10:"image/jpeg";}s:18:"portfolio-portrait";a:4:{s:4:"file";s:48:"b-icelands-biggest-volcano-timelapse-600x800.jpg";s:5:"width";i:600;s:6:"height";i:800;s:9:"mime-type";s:10:"image/jpeg";}s:17:"portfolio-default";a:4:{s:4:"file";s:48:"b-icelands-biggest-volcano-timelapse-550x498.jpg";s:5:"width";i:550;s:6:"height";i:498;s:9:"mime-type";s:10:"image/jpeg";}s:18:"menu-featured-post";a:4:{s:4:"file";s:48:"b-icelands-biggest-volcano-timelapse-345x198.jpg";s:5:"width";i:345;s:6:"height";i:198;s:9:"mime-type";s:10:"image/jpeg";}s:20:"qode-carousel_slider";a:4:{s:4:"file";s:48:"b-icelands-biggest-volcano-timelapse-400x260.jpg";s:5:"width";i:400;s:6:"height";i:260;s:9:"mime-type";s:10:"image/jpeg";}s:16:"portfolio_slider";a:4:{s:4:"file";s:48:"b-icelands-biggest-volcano-timelapse-480x434.jpg";s:5:"width";i:480;s:6:"height";i:434;s:9:"mime-type";s:10:"image/jpeg";}s:25:"portfolio_masonry_regular";a:4:{s:4:"file";s:48:"b-icelands-biggest-volcano-timelapse-500x500.jpg";s:5:"width";i:500;s:6:"height";i:500;s:9:"mime-type";s:10:"image/jpeg";}s:22:"portfolio_masonry_wide";a:4:{s:4:"file";s:49:"b-icelands-biggest-volcano-timelapse-1000x500.jpg";s:5:"width";i:1000;s:6:"height";i:500;s:9:"mime-type";s:10:"image/jpeg";}s:22:"portfolio_masonry_tall";a:4:{s:4:"file";s:48:"b-icelands-biggest-volcano-timelapse-500x825.jpg";s:5:"width";i:500;s:6:"height";i:825;s:9:"mime-type";s:10:"image/jpeg";}s:23:"portfolio_masonry_large";a:4:{s:4:"file";s:49:"b-icelands-biggest-volcano-timelapse-1000x825.jpg";s:5:"width";i:1000;s:6:"height";i:825;s:9:"mime-type";s:10:"image/jpeg";}s:28:"portfolio_masonry_with_space";a:4:{s:4:"file";s:48:"b-icelands-biggest-volcano-timelapse-700x525.jpg";s:5:"width";i:700;s:6:"height";i:525;s:9:"mime-type";s:10:"image/jpeg";}s:23:"latest_post_small_image";a:4:{s:4:"file";s:48:"b-icelands-biggest-volcano-timelapse-125x112.jpg";s:5:"width";i:125;s:6:"height";i:112;s:9:"mime-type";s:10:"image/jpeg";}s:14:"shop_thumbnail";a:4:{s:4:"file";s:48:"b-icelands-biggest-volcano-timelapse-170x127.jpg";s:5:"width";i:170;s:6:"height";i:127;s:9:"mime-type";s:10:"image/jpeg";}s:12:"shop_catalog";a:4:{s:4:"file";s:48:"b-icelands-biggest-volcano-timelapse-254x300.jpg";s:5:"width";i:254;s:6:"height";i:300;s:9:"mime-type";s:10:"image/jpeg";}s:11:"shop_single";a:4:{s:4:"file";s:48:"b-icelands-biggest-volcano-timelapse-538x538.jpg";s:5:"width";i:538;s:6:"height";i:538;s:9:"mime-type";s:10:"image/jpeg";}}s:10:"image_meta";a:10:{s:8:"aperture";i:0;s:6:"credit";s:0:"";s:6:"camera";s:0:"";s:7:"caption";s:0:"";s:17:"created_timestamp";i:0;s:9:"copyright";s:0:"";s:12:"focal_length";i:0;s:3:"iso";i:0;s:13:"shutter_speed";i:0;s:5:"title";s:0:"";}}]]></wp:meta_value>
		</wp:postmeta>
		<wp:postmeta>
			<wp:meta_key>_wp_attachment_image_alt</wp:meta_key>
			<wp:meta_value><![CDATA[]]></wp:meta_value>
		</wp:postmeta>
		<wp:postmeta>
			<wp:meta_key>_edit_last</wp:meta_key>
			<wp:meta_value><![CDATA[1]]></wp:meta_value>
		</wp:postmeta>
	</item>

	<item>
				<title>p-design-of-total-mechanics--berlin-design-week-poster</title>
		<link>http://demo.select-themes.com/stockholm9/?attachment_id=2844</link>
		<pubDate>Wed, 30 Oct 2013 14:26:03 +0000</pubDate>
		<dc:creator><![CDATA[admin]]></dc:creator>
		<guid isPermaLink="false">http://demo.select-themes.com/stockholm9/wp-content/uploads/2013/10/p-design-of-total-mechanics-berlin-design-week-poster.jpg</guid>
		<description/>
		<content:encoded><![CDATA[]]></content:encoded>
		<excerpt:encoded><![CDATA[]]></excerpt:encoded>
		<wp:post_id>2844</wp:post_id>
		<wp:post_date>2013-10-30 14:26:03</wp:post_date>
		<wp:post_date_gmt>2013-10-30 14:26:03</wp:post_date_gmt>
		<wp:comment_status>open</wp:comment_status>
		<wp:ping_status>open</wp:ping_status>
		<wp:post_name>p-design-of-total-mechanics-berlin-design-week-poster</wp:post_name>
		<wp:status>inherit</wp:status>
		<wp:post_parent>0</wp:post_parent>
		<wp:menu_order>0</wp:menu_order>
		<wp:post_type>attachment</wp:post_type>
		<wp:post_password/>
		<wp:is_sticky>0</wp:is_sticky>
		<wp:attachment_url>http://demo.select-themes.com/stockholm9/wp-content/uploads/2013/10/p-design-of-total-mechanics-berlin-design-week-poster.jpg</wp:attachment_url>
		<wp:postmeta>
			<wp:meta_key>_wp_attached_file</wp:meta_key>
			<wp:meta_value><![CDATA[2013/10/p-design-of-total-mechanics-berlin-design-week-poster.jpg]]></wp:meta_value>
		</wp:postmeta>
		<wp:postmeta>
			<wp:meta_key>_wp_attachment_metadata</wp:meta_key>
			<wp:meta_value><![CDATA[a:5:{s:5:"width";i:1100;s:6:"height";i:825;s:4:"file";s:65:"2013/10/p-design-of-total-mechanics-berlin-design-week-poster.jpg";s:5:"sizes";a:19:{s:9:"thumbnail";a:4:{s:4:"file";s:65:"p-design-of-total-mechanics-berlin-design-week-poster-150x150.jpg";s:5:"width";i:150;s:6:"height";i:150;s:9:"mime-type";s:10:"image/jpeg";}s:6:"medium";a:4:{s:4:"file";s:65:"p-design-of-total-mechanics-berlin-design-week-poster-300x224.jpg";s:5:"width";i:300;s:6:"height";i:224;s:9:"mime-type";s:10:"image/jpeg";}s:5:"large";a:4:{s:4:"file";s:66:"p-design-of-total-mechanics-berlin-design-week-poster-1024x768.jpg";s:5:"width";i:1024;s:6:"height";i:768;s:9:"mime-type";s:10:"image/jpeg";}s:16:"portfolio-square";a:4:{s:4:"file";s:65:"p-design-of-total-mechanics-berlin-design-week-poster-550x550.jpg";s:5:"width";i:550;s:6:"height";i:550;s:9:"mime-type";s:10:"image/jpeg";}s:19:"portfolio-landscape";a:4:{s:4:"file";s:65:"p-design-of-total-mechanics-berlin-design-week-poster-800x600.jpg";s:5:"width";i:800;s:6:"height";i:600;s:9:"mime-type";s:10:"image/jpeg";}s:18:"portfolio-portrait";a:4:{s:4:"file";s:65:"p-design-of-total-mechanics-berlin-design-week-poster-600x800.jpg";s:5:"width";i:600;s:6:"height";i:800;s:9:"mime-type";s:10:"image/jpeg";}s:17:"portfolio-default";a:4:{s:4:"file";s:65:"p-design-of-total-mechanics-berlin-design-week-poster-550x498.jpg";s:5:"width";i:550;s:6:"height";i:498;s:9:"mime-type";s:10:"image/jpeg";}s:18:"menu-featured-post";a:4:{s:4:"file";s:65:"p-design-of-total-mechanics-berlin-design-week-poster-345x198.jpg";s:5:"width";i:345;s:6:"height";i:198;s:9:"mime-type";s:10:"image/jpeg";}s:20:"qode-carousel_slider";a:4:{s:4:"file";s:65:"p-design-of-total-mechanics-berlin-design-week-poster-400x260.jpg";s:5:"width";i:400;s:6:"height";i:260;s:9:"mime-type";s:10:"image/jpeg";}s:16:"portfolio_slider";a:4:{s:4:"file";s:65:"p-design-of-total-mechanics-berlin-design-week-poster-480x434.jpg";s:5:"width";i:480;s:6:"height";i:434;s:9:"mime-type";s:10:"image/jpeg";}s:25:"portfolio_masonry_regular";a:4:{s:4:"file";s:65:"p-design-of-total-mechanics-berlin-design-week-poster-500x500.jpg";s:5:"width";i:500;s:6:"height";i:500;s:9:"mime-type";s:10:"image/jpeg";}s:22:"portfolio_masonry_wide";a:4:{s:4:"file";s:66:"p-design-of-total-mechanics-berlin-design-week-poster-1000x500.jpg";s:5:"width";i:1000;s:6:"height";i:500;s:9:"mime-type";s:10:"image/jpeg";}s:22:"portfolio_masonry_tall";a:4:{s:4:"file";s:65:"p-design-of-total-mechanics-berlin-design-week-poster-500x825.jpg";s:5:"width";i:500;s:6:"height";i:825;s:9:"mime-type";s:10:"image/jpeg";}s:23:"portfolio_masonry_large";a:4:{s:4:"file";s:66:"p-design-of-total-mechanics-berlin-design-week-poster-1000x825.jpg";s:5:"width";i:1000;s:6:"height";i:825;s:9:"mime-type";s:10:"image/jpeg";}s:28:"portfolio_masonry_with_space";a:4:{s:4:"file";s:65:"p-design-of-total-mechanics-berlin-design-week-poster-700x525.jpg";s:5:"width";i:700;s:6:"height";i:525;s:9:"mime-type";s:10:"image/jpeg";}s:23:"latest_post_small_image";a:4:{s:4:"file";s:65:"p-design-of-total-mechanics-berlin-design-week-poster-125x112.jpg";s:5:"width";i:125;s:6:"height";i:112;s:9:"mime-type";s:10:"image/jpeg";}s:14:"shop_thumbnail";a:4:{s:4:"file";s:65:"p-design-of-total-mechanics-berlin-design-week-poster-170x127.jpg";s:5:"width";i:170;s:6:"height";i:127;s:9:"mime-type";s:10:"image/jpeg";}s:12:"shop_catalog";a:4:{s:4:"file";s:65:"p-design-of-total-mechanics-berlin-design-week-poster-254x300.jpg";s:5:"width";i:254;s:6:"height";i:300;s:9:"mime-type";s:10:"image/jpeg";}s:11:"shop_single";a:4:{s:4:"file";s:65:"p-design-of-total-mechanics-berlin-design-week-poster-538x538.jpg";s:5:"width";i:538;s:6:"height";i:538;s:9:"mime-type";s:10:"image/jpeg";}}s:10:"image_meta";a:10:{s:8:"aperture";i:0;s:6:"credit";s:0:"";s:6:"camera";s:0:"";s:7:"caption";s:0:"";s:17:"created_timestamp";i:0;s:9:"copyright";s:0:"";s:12:"focal_length";i:0;s:3:"iso";i:0;s:13:"shutter_speed";i:0;s:5:"title";s:0:"";}}]]></wp:meta_value>
		</wp:postmeta>
		<wp:postmeta>
			<wp:meta_key>_wp_attachment_image_alt</wp:meta_key>
			<wp:meta_value><![CDATA[]]></wp:meta_value>
		</wp:postmeta>
		<wp:postmeta>
			<wp:meta_key>_edit_last</wp:meta_key>
			<wp:meta_value><![CDATA[1]]></wp:meta_value>
		</wp:postmeta>
	</item>

	
	
	
	
	
	
	
	
	
	
	
	
	
	
	
	
	
	
	
	
	
	
	
	
	
	
	
	
	
	
	
	
	
	
	
	
	
	
	
	
	
	
	
	
	
	
	
	
	
	
	
	
	
	
	
	
	
	
	
	
	
	
	
	
	
	
	
	
	
	
	
	
	
	
	
	
	
	
	
	
	
	
	
	
	
	
	
	
	
	
	
	
	
	
	
	
	
	
	
	
	
	
	
	
	
	
	
	
	
	
	
	
	
	
	
	
	
	
	
	
	
	
	
	
	
	
	
	
	
	
	
	
	
	
	
	
	
	
	
	
	
	
	
	
	
	
	
	
	
	
	
	
	
	
	
	
	
</channel>
</rss>
