<?xml version="1.0" encoding="UTF-8"?>
<!-- This is a WordPress eXtended RSS file generated by WordPress as an export of your site. -->
<!-- It contains information about your site's posts, pages, comments, categories, and other content. -->
<!-- You may use this file to transfer that content from one site to another. -->
<!-- This file is not intended to serve as a complete backup of your site. -->
<!-- To import this information into a WordPress site follow these steps: -->
<!-- 1. Log in to that site as an administrator. -->
<!-- 2. Go to Tools: Import in the WordPress admin panel. -->
<!-- 3. Install the "WordPress" importer from the list. -->
<!-- 4. Activate & Run Importer. -->
<!-- 5. Upload this file using the form provided on that page. -->
<!-- 6. You will first be asked to map the authors in this export file to users -->
<!--    on the site. For each author, you may choose to map to an -->
<!--    existing user on the site or to create a new user. -->
<!-- 7. WordPress will then import each of the posts, pages, comments, categories, etc. -->
<!--    contained in this file into your site. -->
<!-- generator="WordPress/4.0" created="2014-10-06 15:22" -->
<rss xmlns:excerpt="http://wordpress.org/export/1.2/excerpt/" xmlns:content="http://purl.org/rss/1.0/modules/content/" xmlns:wfw="http://wellformedweb.org/CommentAPI/" xmlns:dc="http://purl.org/dc/elements/1.1/" xmlns:wp="http://wordpress.org/export/1.2/" version="2.0">

<channel>
	<title>Stockholm</title>
	<link>http://demo.select-themes.com/stockholm15</link>
	<description>Clean Multi-Purpose WordPress Theme</description>
	<pubDate>Mon, 06 Oct 2014 15:22:06 +0000</pubDate>
	<language>en-US</language>
	<wp:wxr_version>1.2</wp:wxr_version>
	<wp:base_site_url>http://demo.select-themes.com/stockholm15</wp:base_site_url>
	<wp:base_blog_url>http://demo.select-themes.com/stockholm15</wp:base_blog_url>

	<wp:author><wp:author_id>3</wp:author_id><wp:author_login>raymichael</wp:author_login><wp:author_email>raymichael2014@gmail.com</wp:author_email><wp:author_display_name><![CDATA[Ray Michael]]></wp:author_display_name><wp:author_first_name><![CDATA[Ray]]></wp:author_first_name><wp:author_last_name><![CDATA[Michael]]></wp:author_last_name></wp:author>
	<wp:author><wp:author_id>1</wp:author_id><wp:author_login>admin</wp:author_login><wp:author_email>support@qodeinteractive.com</wp:author_email><wp:author_display_name><![CDATA[admin]]></wp:author_display_name><wp:author_first_name><![CDATA[Select]]></wp:author_first_name><wp:author_last_name><![CDATA[Themes]]></wp:author_last_name></wp:author>

	<wp:category><wp:term_id>17</wp:term_id><wp:category_nicename>art</wp:category_nicename><wp:category_parent/><wp:cat_name><![CDATA[Art]]></wp:cat_name></wp:category>
	<wp:category><wp:term_id>2</wp:term_id><wp:category_nicename>business</wp:category_nicename><wp:category_parent/><wp:cat_name><![CDATA[Business]]></wp:cat_name></wp:category>
	<wp:category><wp:term_id>39</wp:term_id><wp:category_nicename>design</wp:category_nicename><wp:category_parent/><wp:cat_name><![CDATA[Design]]></wp:cat_name></wp:category>
	<wp:category><wp:term_id>40</wp:term_id><wp:category_nicename>music</wp:category_nicename><wp:category_parent/><wp:cat_name><![CDATA[Music]]></wp:cat_name></wp:category>
	<wp:category><wp:term_id>5</wp:term_id><wp:category_nicename>photography</wp:category_nicename><wp:category_parent/><wp:cat_name><![CDATA[Photography]]></wp:cat_name></wp:category>
	<wp:category><wp:term_id>10</wp:term_id><wp:category_nicename>sport</wp:category_nicename><wp:category_parent/><wp:cat_name><![CDATA[Sport]]></wp:cat_name></wp:category>
	<wp:category><wp:term_id>1</wp:term_id><wp:category_nicename>uncategorized</wp:category_nicename><wp:category_parent/><wp:cat_name><![CDATA[Uncategorized]]></wp:cat_name></wp:category>
	<wp:tag><wp:term_id>49</wp:term_id><wp:tag_slug>analysis</wp:tag_slug><wp:tag_name><![CDATA[Analysis]]></wp:tag_name></wp:tag>
	<wp:tag><wp:term_id>17</wp:term_id><wp:tag_slug>art</wp:tag_slug><wp:tag_name><![CDATA[Art]]></wp:tag_name></wp:tag>
	<wp:tag><wp:term_id>48</wp:term_id><wp:tag_slug>articles</wp:tag_slug><wp:tag_name><![CDATA[Articles]]></wp:tag_name></wp:tag>
	<wp:tag><wp:term_id>14</wp:term_id><wp:tag_slug>audio</wp:tag_slug><wp:tag_name><![CDATA[Audio]]></wp:tag_name></wp:tag>
	<wp:tag><wp:term_id>2</wp:term_id><wp:tag_slug>business</wp:tag_slug><wp:tag_name><![CDATA[Business]]></wp:tag_name></wp:tag>
	<wp:tag><wp:term_id>51</wp:term_id><wp:tag_slug>culture</wp:tag_slug><wp:tag_name><![CDATA[Culture]]></wp:tag_name></wp:tag>
	<wp:tag><wp:term_id>16</wp:term_id><wp:tag_slug>development</wp:tag_slug><wp:tag_name><![CDATA[Development]]></wp:tag_name></wp:tag>
	<wp:tag><wp:term_id>55</wp:term_id><wp:tag_slug>ecology</wp:tag_slug><wp:tag_name><![CDATA[Ecology]]></wp:tag_name></wp:tag>
	<wp:tag><wp:term_id>54</wp:term_id><wp:tag_slug>events</wp:tag_slug><wp:tag_name><![CDATA[Events]]></wp:tag_name></wp:tag>
	<wp:tag><wp:term_id>52</wp:term_id><wp:tag_slug>information</wp:tag_slug><wp:tag_name><![CDATA[Information]]></wp:tag_name></wp:tag>
	<wp:tag><wp:term_id>50</wp:term_id><wp:tag_slug>inspiration</wp:tag_slug><wp:tag_name><![CDATA[Inspiration]]></wp:tag_name></wp:tag>
	<wp:tag><wp:term_id>56</wp:term_id><wp:tag_slug>nature</wp:tag_slug><wp:tag_name><![CDATA[Nature]]></wp:tag_name></wp:tag>
	<wp:tag><wp:term_id>7</wp:term_id><wp:tag_slug>opportunities</wp:tag_slug><wp:tag_name><![CDATA[Opportunities]]></wp:tag_name></wp:tag>
	<wp:tag><wp:term_id>57</wp:term_id><wp:tag_slug>science</wp:tag_slug><wp:tag_name><![CDATA[Science]]></wp:tag_name></wp:tag>
	<wp:tag><wp:term_id>10</wp:term_id><wp:tag_slug>sport</wp:tag_slug><wp:tag_name><![CDATA[Sport]]></wp:tag_name></wp:tag>
	<wp:tag><wp:term_id>4</wp:term_id><wp:tag_slug>stress</wp:tag_slug><wp:tag_name><![CDATA[Stress]]></wp:tag_name></wp:tag>
	<wp:tag><wp:term_id>15</wp:term_id><wp:tag_slug>swimming</wp:tag_slug><wp:tag_name><![CDATA[Swimming]]></wp:tag_name></wp:tag>
	<wp:tag><wp:term_id>53</wp:term_id><wp:tag_slug>trends</wp:tag_slug><wp:tag_name><![CDATA[Trends]]></wp:tag_name></wp:tag>
	<wp:tag><wp:term_id>13</wp:term_id><wp:tag_slug>video</wp:tag_slug><wp:tag_name><![CDATA[Video]]></wp:tag_name></wp:tag>
	<wp:tag><wp:term_id>9</wp:term_id><wp:tag_slug>web-design</wp:tag_slug><wp:tag_name><![CDATA[Web Design]]></wp:tag_name></wp:tag>
	<wp:term><wp:term_id>144</wp:term_id><wp:term_taxonomy>product_tag</wp:term_taxonomy><wp:term_slug>armchair</wp:term_slug><wp:term_parent/><wp:term_name><![CDATA[armchair]]></wp:term_name></wp:term>
	<wp:term><wp:term_id>17</wp:term_id><wp:term_taxonomy>portfolio_category</wp:term_taxonomy><wp:term_slug>art</wp:term_slug><wp:term_parent/><wp:term_name><![CDATA[Art]]></wp:term_name></wp:term>
	<wp:term><wp:term_id>136</wp:term_id><wp:term_taxonomy>testimonials_category</wp:term_taxonomy><wp:term_slug>art-2</wp:term_slug><wp:term_parent/><wp:term_name><![CDATA[art]]></wp:term_name></wp:term>
	<wp:term><wp:term_id>118</wp:term_id><wp:term_taxonomy>product_tag</wp:term_taxonomy><wp:term_slug>backpack</wp:term_slug><wp:term_parent/><wp:term_name><![CDATA[Backpack]]></wp:term_name></wp:term>
	<wp:term><wp:term_id>153</wp:term_id><wp:term_taxonomy>product_tag</wp:term_taxonomy><wp:term_slug>bicycle</wp:term_slug><wp:term_parent/><wp:term_name><![CDATA[Bicycle]]></wp:term_name></wp:term>
	<wp:term><wp:term_id>148</wp:term_id><wp:term_taxonomy>product_tag</wp:term_taxonomy><wp:term_slug>briefcase</wp:term_slug><wp:term_parent/><wp:term_name><![CDATA[briefcase]]></wp:term_name></wp:term>
	<wp:term><wp:term_id>2</wp:term_id><wp:term_taxonomy>portfolio_category</wp:term_taxonomy><wp:term_slug>business</wp:term_slug><wp:term_parent/><wp:term_name><![CDATA[Business]]></wp:term_name></wp:term>
	<wp:term><wp:term_id>97</wp:term_id><wp:term_taxonomy>product_tag</wp:term_taxonomy><wp:term_slug>case</wp:term_slug><wp:term_parent/><wp:term_name><![CDATA[Case]]></wp:term_name></wp:term>
	<wp:term><wp:term_id>163</wp:term_id><wp:term_taxonomy>carousels_category</wp:term_taxonomy><wp:term_slug>clients-carousel-dark</wp:term_slug><wp:term_parent/><wp:term_name><![CDATA[Clients Carousel Dark]]></wp:term_name></wp:term>
	<wp:term><wp:term_id>133</wp:term_id><wp:term_taxonomy>carousels_category</wp:term_taxonomy><wp:term_slug>clients-carousel-light</wp:term_slug><wp:term_parent/><wp:term_name><![CDATA[Clients Carousel Light]]></wp:term_name></wp:term>
	<wp:term><wp:term_id>108</wp:term_id><wp:term_taxonomy>product_tag</wp:term_taxonomy><wp:term_slug>cover</wp:term_slug><wp:term_parent/><wp:term_name><![CDATA[Cover]]></wp:term_name></wp:term>
	<wp:term><wp:term_id>123</wp:term_id><wp:term_taxonomy>product_tag</wp:term_taxonomy><wp:term_slug>crystal</wp:term_slug><wp:term_parent/><wp:term_name><![CDATA[Crystal]]></wp:term_name></wp:term>
	<wp:term><wp:term_id>23</wp:term_id><wp:term_taxonomy>product_type</wp:term_taxonomy><wp:term_slug>external</wp:term_slug><wp:term_parent/><wp:term_name><![CDATA[external]]></wp:term_name></wp:term>
	<wp:term><wp:term_id>138</wp:term_id><wp:term_taxonomy>portfolio_category</wp:term_taxonomy><wp:term_slug>fashion</wp:term_slug><wp:term_parent/><wp:term_name><![CDATA[Fashion]]></wp:term_name></wp:term>
	<wp:term><wp:term_id>114</wp:term_id><wp:term_taxonomy>product_tag</wp:term_taxonomy><wp:term_slug>flat-heel</wp:term_slug><wp:term_parent/><wp:term_name><![CDATA[Flat Heel]]></wp:term_name></wp:term>
	<wp:term><wp:term_id>116</wp:term_id><wp:term_taxonomy>product_tag</wp:term_taxonomy><wp:term_slug>footwear</wp:term_slug><wp:term_parent/><wp:term_name><![CDATA[Footwear]]></wp:term_name></wp:term>
	<wp:term><wp:term_id>147</wp:term_id><wp:term_taxonomy>product_tag</wp:term_taxonomy><wp:term_slug>gift-bag</wp:term_slug><wp:term_parent/><wp:term_name><![CDATA[gift bag]]></wp:term_name></wp:term>
	<wp:term><wp:term_id>96</wp:term_id><wp:term_taxonomy>product_tag</wp:term_taxonomy><wp:term_slug>glasses</wp:term_slug><wp:term_parent/><wp:term_name><![CDATA[Glasses]]></wp:term_name></wp:term>
	<wp:term><wp:term_id>21</wp:term_id><wp:term_taxonomy>product_type</wp:term_taxonomy><wp:term_slug>grouped</wp:term_slug><wp:term_parent/><wp:term_name><![CDATA[grouped]]></wp:term_name></wp:term>
	<wp:term><wp:term_id>101</wp:term_id><wp:term_taxonomy>product_tag</wp:term_taxonomy><wp:term_slug>handbag</wp:term_slug><wp:term_parent/><wp:term_name><![CDATA[Handbag]]></wp:term_name></wp:term>
	<wp:term><wp:term_id>68</wp:term_id><wp:term_taxonomy>product_tag</wp:term_taxonomy><wp:term_slug>headphones</wp:term_slug><wp:term_parent/><wp:term_name><![CDATA[Headphones]]></wp:term_name></wp:term>
	<wp:term><wp:term_id>74</wp:term_id><wp:term_taxonomy>product_tag</wp:term_taxonomy><wp:term_slug>iphone</wp:term_slug><wp:term_parent/><wp:term_name><![CDATA[iPhone]]></wp:term_name></wp:term>
	<wp:term><wp:term_id>150</wp:term_id><wp:term_taxonomy>product_tag</wp:term_taxonomy><wp:term_slug>lamp</wp:term_slug><wp:term_parent/><wp:term_name><![CDATA[lamp]]></wp:term_name></wp:term>
	<wp:term><wp:term_id>63</wp:term_id><wp:term_taxonomy>product_tag</wp:term_taxonomy><wp:term_slug>laptop</wp:term_slug><wp:term_parent/><wp:term_name><![CDATA[Laptop]]></wp:term_name></wp:term>
	<wp:term><wp:term_id>100</wp:term_id><wp:term_taxonomy>product_tag</wp:term_taxonomy><wp:term_slug>leather</wp:term_slug><wp:term_parent/><wp:term_name><![CDATA[Leather]]></wp:term_name></wp:term>
	<wp:term><wp:term_id>33</wp:term_id><wp:term_taxonomy>product_tag</wp:term_taxonomy><wp:term_slug>mountain</wp:term_slug><wp:term_parent/><wp:term_name><![CDATA[Mountain]]></wp:term_name></wp:term>
	<wp:term><wp:term_id>40</wp:term_id><wp:term_taxonomy>product_tag</wp:term_taxonomy><wp:term_slug>music</wp:term_slug><wp:term_parent/><wp:term_name><![CDATA[Music]]></wp:term_name></wp:term>
	<wp:term><wp:term_id>152</wp:term_id><wp:term_taxonomy>product_tag</wp:term_taxonomy><wp:term_slug>musical-instrument</wp:term_slug><wp:term_parent/><wp:term_name><![CDATA[musical instrument]]></wp:term_name></wp:term>
	<wp:term><wp:term_id>122</wp:term_id><wp:term_taxonomy>product_tag</wp:term_taxonomy><wp:term_slug>necklace</wp:term_slug><wp:term_parent/><wp:term_name><![CDATA[Necklace]]></wp:term_name></wp:term>
	<wp:term><wp:term_id>5</wp:term_id><wp:term_taxonomy>portfolio_category</wp:term_taxonomy><wp:term_slug>photography</wp:term_slug><wp:term_parent/><wp:term_name><![CDATA[Photography]]></wp:term_name></wp:term>
	<wp:term><wp:term_id>64</wp:term_id><wp:term_taxonomy>product_tag</wp:term_taxonomy><wp:term_slug>quad-core</wp:term_slug><wp:term_parent/><wp:term_name><![CDATA[Quad-Core]]></wp:term_name></wp:term>
	<wp:term><wp:term_id>73</wp:term_id><wp:term_taxonomy>product_tag</wp:term_taxonomy><wp:term_slug>rooter</wp:term_slug><wp:term_parent/><wp:term_name><![CDATA[Rooter]]></wp:term_name></wp:term>
	<wp:term><wp:term_id>119</wp:term_id><wp:term_taxonomy>product_tag</wp:term_taxonomy><wp:term_slug>rucksack</wp:term_slug><wp:term_parent/><wp:term_name><![CDATA[Rucksack]]></wp:term_name></wp:term>
	<wp:term><wp:term_id>34</wp:term_id><wp:term_taxonomy>product_tag</wp:term_taxonomy><wp:term_slug>running</wp:term_slug><wp:term_parent/><wp:term_name><![CDATA[Running]]></wp:term_name></wp:term>
	<wp:term><wp:term_id>151</wp:term_id><wp:term_taxonomy>product_tag</wp:term_taxonomy><wp:term_slug>saxophone</wp:term_slug><wp:term_parent/><wp:term_name><![CDATA[saxophone]]></wp:term_name></wp:term>
	<wp:term><wp:term_id>120</wp:term_id><wp:term_taxonomy>product_tag</wp:term_taxonomy><wp:term_slug>scarf</wp:term_slug><wp:term_parent/><wp:term_name><![CDATA[Scarf]]></wp:term_name></wp:term>
	<wp:term><wp:term_id>36</wp:term_id><wp:term_taxonomy>product_tag</wp:term_taxonomy><wp:term_slug>shirt</wp:term_slug><wp:term_parent/><wp:term_name><![CDATA[Shirt]]></wp:term_name></wp:term>
	<wp:term><wp:term_id>35</wp:term_id><wp:term_taxonomy>product_tag</wp:term_taxonomy><wp:term_slug>shoes</wp:term_slug><wp:term_parent/><wp:term_name><![CDATA[Shoes]]></wp:term_name></wp:term>
	<wp:term><wp:term_id>20</wp:term_id><wp:term_taxonomy>product_type</wp:term_taxonomy><wp:term_slug>simple</wp:term_slug><wp:term_parent/><wp:term_name><![CDATA[simple]]></wp:term_name></wp:term>
	<wp:term><wp:term_id>32</wp:term_id><wp:term_taxonomy>product_tag</wp:term_taxonomy><wp:term_slug>ski</wp:term_slug><wp:term_parent/><wp:term_name><![CDATA[Ski]]></wp:term_name></wp:term>
	<wp:term><wp:term_id>105</wp:term_id><wp:term_taxonomy>product_tag</wp:term_taxonomy><wp:term_slug>sleeve</wp:term_slug><wp:term_parent/><wp:term_name><![CDATA[Sleeve]]></wp:term_name></wp:term>
	<wp:term><wp:term_id>67</wp:term_id><wp:term_taxonomy>product_tag</wp:term_taxonomy><wp:term_slug>smartphone</wp:term_slug><wp:term_parent/><wp:term_name><![CDATA[Smartphone]]></wp:term_name></wp:term>
	<wp:term><wp:term_id>124</wp:term_id><wp:term_taxonomy>product_tag</wp:term_taxonomy><wp:term_slug>stone</wp:term_slug><wp:term_parent/><wp:term_name><![CDATA[Stone]]></wp:term_name></wp:term>
	<wp:term><wp:term_id>103</wp:term_id><wp:term_taxonomy>product_tag</wp:term_taxonomy><wp:term_slug>sunglasses</wp:term_slug><wp:term_parent/><wp:term_name><![CDATA[Sunglasses]]></wp:term_name></wp:term>
	<wp:term><wp:term_id>15</wp:term_id><wp:term_taxonomy>product_tag</wp:term_taxonomy><wp:term_slug>swimming</wp:term_slug><wp:term_parent/><wp:term_name><![CDATA[Swimming]]></wp:term_name></wp:term>
	<wp:term><wp:term_id>149</wp:term_id><wp:term_taxonomy>product_tag</wp:term_taxonomy><wp:term_slug>t-shirt</wp:term_slug><wp:term_parent/><wp:term_name><![CDATA[t-shirt]]></wp:term_name></wp:term>
	<wp:term><wp:term_id>69</wp:term_id><wp:term_taxonomy>product_tag</wp:term_taxonomy><wp:term_slug>tablet</wp:term_slug><wp:term_parent/><wp:term_name><![CDATA[Tablet]]></wp:term_name></wp:term>
	<wp:term><wp:term_id>145</wp:term_id><wp:term_taxonomy>product_tag</wp:term_taxonomy><wp:term_slug>tank-top</wp:term_slug><wp:term_parent/><wp:term_name><![CDATA[tank top]]></wp:term_name></wp:term>
	<wp:term><wp:term_id>106</wp:term_id><wp:term_taxonomy>product_tag</wp:term_taxonomy><wp:term_slug>travel</wp:term_slug><wp:term_parent/><wp:term_name><![CDATA[Travel]]></wp:term_name></wp:term>
	<wp:term><wp:term_id>72</wp:term_id><wp:term_taxonomy>product_tag</wp:term_taxonomy><wp:term_slug>tv</wp:term_slug><wp:term_parent/><wp:term_name><![CDATA[TV]]></wp:term_name></wp:term>
	<wp:term><wp:term_id>99</wp:term_id><wp:term_taxonomy>product_tag</wp:term_taxonomy><wp:term_slug>vanity-case</wp:term_slug><wp:term_parent/><wp:term_name><![CDATA[Vanity Case]]></wp:term_name></wp:term>
	<wp:term><wp:term_id>22</wp:term_id><wp:term_taxonomy>product_type</wp:term_taxonomy><wp:term_slug>variable</wp:term_slug><wp:term_parent/><wp:term_name><![CDATA[variable]]></wp:term_name></wp:term>
	<wp:term><wp:term_id>143</wp:term_id><wp:term_taxonomy>product_tag</wp:term_taxonomy><wp:term_slug>velvet</wp:term_slug><wp:term_parent/><wp:term_name><![CDATA[velvet]]></wp:term_name></wp:term>
	<wp:term><wp:term_id>102</wp:term_id><wp:term_taxonomy>product_tag</wp:term_taxonomy><wp:term_slug>vintage</wp:term_slug><wp:term_parent/><wp:term_name><![CDATA[Vintage]]></wp:term_name></wp:term>
	<wp:term><wp:term_id>110</wp:term_id><wp:term_taxonomy>product_tag</wp:term_taxonomy><wp:term_slug>wallet</wp:term_slug><wp:term_parent/><wp:term_name><![CDATA[Wallet]]></wp:term_name></wp:term>
	<wp:term><wp:term_id>70</wp:term_id><wp:term_taxonomy>product_tag</wp:term_taxonomy><wp:term_slug>watch</wp:term_slug><wp:term_parent/><wp:term_name><![CDATA[Watch]]></wp:term_name></wp:term>
	<wp:term><wp:term_id>71</wp:term_id><wp:term_taxonomy>product_tag</wp:term_taxonomy><wp:term_slug>wifi</wp:term_slug><wp:term_parent/><wp:term_name><![CDATA[WiFi]]></wp:term_name></wp:term>
	<wp:term><wp:term_id>37</wp:term_id><wp:term_taxonomy>product_tag</wp:term_taxonomy><wp:term_slug>workout</wp:term_slug><wp:term_parent/><wp:term_name><![CDATA[Workout]]></wp:term_name></wp:term>
	<wp:term><wp:term_id>146</wp:term_id><wp:term_taxonomy>product_tag</wp:term_taxonomy><wp:term_slug>yellow</wp:term_slug><wp:term_parent/><wp:term_name><![CDATA[yellow]]></wp:term_name></wp:term>
	<wp:term><wp:term_id>121</wp:term_id><wp:term_taxonomy>product_cat</wp:term_taxonomy><wp:term_slug>accessories</wp:term_slug><wp:term_parent/><wp:term_name><![CDATA[Accessories]]></wp:term_name></wp:term>
	<wp:term><wp:term_id>95</wp:term_id><wp:term_taxonomy>product_cat</wp:term_taxonomy><wp:term_slug>cases</wp:term_slug><wp:term_parent/><wp:term_name><![CDATA[Cases]]></wp:term_name></wp:term>
	<wp:term><wp:term_id>117</wp:term_id><wp:term_taxonomy>product_cat</wp:term_taxonomy><wp:term_slug>jackets</wp:term_slug><wp:term_parent/><wp:term_name><![CDATA[Jackets]]></wp:term_name></wp:term>
	<wp:term><wp:term_id>65</wp:term_id><wp:term_taxonomy>product_cat</wp:term_taxonomy><wp:term_slug>other</wp:term_slug><wp:term_parent/><wp:term_name><![CDATA[Other]]></wp:term_name></wp:term>
	<wp:term><wp:term_id>113</wp:term_id><wp:term_taxonomy>product_cat</wp:term_taxonomy><wp:term_slug>swimwear</wp:term_slug><wp:term_parent/><wp:term_name><![CDATA[Swimwear]]></wp:term_name></wp:term>
	<wp:term><wp:term_id>109</wp:term_id><wp:term_taxonomy>product_cat</wp:term_taxonomy><wp:term_slug>wallets</wp:term_slug><wp:term_parent/><wp:term_name><![CDATA[Wallets]]></wp:term_name></wp:term>
	<wp:term><wp:term_id>125</wp:term_id><wp:term_taxonomy>product_cat</wp:term_taxonomy><wp:term_slug>watches</wp:term_slug><wp:term_parent/><wp:term_name><![CDATA[Watches]]></wp:term_name></wp:term>
	<wp:term><wp:term_id>19</wp:term_id><wp:term_taxonomy>nav_menu</wp:term_taxonomy><wp:term_slug>footer_menu</wp:term_slug><wp:term_name><![CDATA[footer_menu]]></wp:term_name></wp:term>
	<wp:term><wp:term_id>77</wp:term_id><wp:term_taxonomy>nav_menu</wp:term_taxonomy><wp:term_slug>top_menu</wp:term_slug><wp:term_name><![CDATA[top_menu]]></wp:term_name></wp:term>
	<wp:term><wp:term_id>164</wp:term_id><wp:term_taxonomy>nav_menu</wp:term_taxonomy><wp:term_slug>side_menu</wp:term_slug><wp:term_name><![CDATA[side_menu]]></wp:term_name></wp:term>

	<generator>http://wordpress.org/?v=4.0</generator>

	
	<item>
				<title>services (3)</title>
		<link>http://demo.select-themes.com/stockholm15/our-services-2/services-3/</link>
		<pubDate>Wed, 13 Aug 2014 14:35:51 +0000</pubDate>
		<dc:creator><![CDATA[admin]]></dc:creator>
		<guid isPermaLink="false">http://demo.select-themes.com/stockholm15/wp-content/uploads/2014/06/services-3.jpg</guid>
		<description/>
		<content:encoded><![CDATA[]]></content:encoded>
		<excerpt:encoded><![CDATA[]]></excerpt:encoded>
		<wp:post_id>21044</wp:post_id>
		<wp:post_date>2014-08-13 14:35:51</wp:post_date>
		<wp:post_date_gmt>2014-08-13 14:35:51</wp:post_date_gmt>
		<wp:comment_status>open</wp:comment_status>
		<wp:ping_status>open</wp:ping_status>
		<wp:post_name>services-3</wp:post_name>
		<wp:status>inherit</wp:status>
		<wp:post_parent>19080</wp:post_parent>
		<wp:menu_order>0</wp:menu_order>
		<wp:post_type>attachment</wp:post_type>
		<wp:post_password/>
		<wp:is_sticky>0</wp:is_sticky>
		<wp:attachment_url>http://demo.select-themes.com/stockholm15/wp-content/uploads/2014/06/services-3.jpg</wp:attachment_url>
		<wp:postmeta>
			<wp:meta_key>_wp_attached_file</wp:meta_key>
			<wp:meta_value><![CDATA[2014/06/services-3.jpg]]></wp:meta_value>
		</wp:postmeta>
		<wp:postmeta>
			<wp:meta_key>_wp_attachment_metadata</wp:meta_key>
			<wp:meta_value><![CDATA[a:5:{s:5:"width";i:483;s:6:"height";i:272;s:4:"file";s:22:"2014/06/services-3.jpg";s:5:"sizes";a:8:{s:9:"thumbnail";a:4:{s:4:"file";s:22:"services-3-150x150.jpg";s:5:"width";i:150;s:6:"height";i:150;s:9:"mime-type";s:10:"image/jpeg";}s:6:"medium";a:4:{s:4:"file";s:22:"services-3-300x168.jpg";s:5:"width";i:300;s:6:"height";i:168;s:9:"mime-type";s:10:"image/jpeg";}s:18:"menu-featured-post";a:4:{s:4:"file";s:22:"services-3-345x198.jpg";s:5:"width";i:345;s:6:"height";i:198;s:9:"mime-type";s:10:"image/jpeg";}s:20:"qode-carousel_slider";a:4:{s:4:"file";s:22:"services-3-400x260.jpg";s:5:"width";i:400;s:6:"height";i:260;s:9:"mime-type";s:10:"image/jpeg";}s:16:"portfolio_slider";a:4:{s:4:"file";s:22:"services-3-480x272.jpg";s:5:"width";i:480;s:6:"height";i:272;s:9:"mime-type";s:10:"image/jpeg";}s:23:"latest_post_small_image";a:4:{s:4:"file";s:22:"services-3-125x112.jpg";s:5:"width";i:125;s:6:"height";i:112;s:9:"mime-type";s:10:"image/jpeg";}s:14:"shop_thumbnail";a:4:{s:4:"file";s:21:"services-3-170x95.jpg";s:5:"width";i:170;s:6:"height";i:95;s:9:"mime-type";s:10:"image/jpeg";}s:12:"shop_catalog";a:4:{s:4:"file";s:22:"services-3-254x272.jpg";s:5:"width";i:254;s:6:"height";i:272;s:9:"mime-type";s:10:"image/jpeg";}}s:10:"image_meta";a:10:{s:8:"aperture";i:0;s:6:"credit";s:0:"";s:6:"camera";s:0:"";s:7:"caption";s:0:"";s:17:"created_timestamp";i:0;s:9:"copyright";s:0:"";s:12:"focal_length";i:0;s:3:"iso";i:0;s:13:"shutter_speed";i:0;s:5:"title";s:0:"";}}]]></wp:meta_value>
		</wp:postmeta>
		<wp:postmeta>
			<wp:meta_key>_wp_attachment_image_alt</wp:meta_key>
			<wp:meta_value><![CDATA[p]]></wp:meta_value>
		</wp:postmeta>
	</item>

	<item>
				<title>services (4)</title>
		<link>http://demo.select-themes.com/stockholm15/our-services-2/services-4/</link>
		<pubDate>Wed, 13 Aug 2014 14:35:54 +0000</pubDate>
		<dc:creator><![CDATA[admin]]></dc:creator>
		<guid isPermaLink="false">http://demo.select-themes.com/stockholm15/wp-content/uploads/2014/06/services-4.jpg</guid>
		<description/>
		<content:encoded><![CDATA[]]></content:encoded>
		<excerpt:encoded><![CDATA[]]></excerpt:encoded>
		<wp:post_id>21045</wp:post_id>
		<wp:post_date>2014-08-13 14:35:54</wp:post_date>
		<wp:post_date_gmt>2014-08-13 14:35:54</wp:post_date_gmt>
		<wp:comment_status>open</wp:comment_status>
		<wp:ping_status>open</wp:ping_status>
		<wp:post_name>services-4</wp:post_name>
		<wp:status>inherit</wp:status>
		<wp:post_parent>19080</wp:post_parent>
		<wp:menu_order>0</wp:menu_order>
		<wp:post_type>attachment</wp:post_type>
		<wp:post_password/>
		<wp:is_sticky>0</wp:is_sticky>
		<wp:attachment_url>http://demo.select-themes.com/stockholm15/wp-content/uploads/2014/06/services-4.jpg</wp:attachment_url>
		<wp:postmeta>
			<wp:meta_key>_wp_attached_file</wp:meta_key>
			<wp:meta_value><![CDATA[2014/06/services-4.jpg]]></wp:meta_value>
		</wp:postmeta>
		<wp:postmeta>
			<wp:meta_key>_wp_attachment_metadata</wp:meta_key>
			<wp:meta_value><![CDATA[a:5:{s:5:"width";i:483;s:6:"height";i:272;s:4:"file";s:22:"2014/06/services-4.jpg";s:5:"sizes";a:8:{s:9:"thumbnail";a:4:{s:4:"file";s:22:"services-4-150x150.jpg";s:5:"width";i:150;s:6:"height";i:150;s:9:"mime-type";s:10:"image/jpeg";}s:6:"medium";a:4:{s:4:"file";s:22:"services-4-300x168.jpg";s:5:"width";i:300;s:6:"height";i:168;s:9:"mime-type";s:10:"image/jpeg";}s:18:"menu-featured-post";a:4:{s:4:"file";s:22:"services-4-345x198.jpg";s:5:"width";i:345;s:6:"height";i:198;s:9:"mime-type";s:10:"image/jpeg";}s:20:"qode-carousel_slider";a:4:{s:4:"file";s:22:"services-4-400x260.jpg";s:5:"width";i:400;s:6:"height";i:260;s:9:"mime-type";s:10:"image/jpeg";}s:16:"portfolio_slider";a:4:{s:4:"file";s:22:"services-4-480x272.jpg";s:5:"width";i:480;s:6:"height";i:272;s:9:"mime-type";s:10:"image/jpeg";}s:23:"latest_post_small_image";a:4:{s:4:"file";s:22:"services-4-125x112.jpg";s:5:"width";i:125;s:6:"height";i:112;s:9:"mime-type";s:10:"image/jpeg";}s:14:"shop_thumbnail";a:4:{s:4:"file";s:21:"services-4-170x95.jpg";s:5:"width";i:170;s:6:"height";i:95;s:9:"mime-type";s:10:"image/jpeg";}s:12:"shop_catalog";a:4:{s:4:"file";s:22:"services-4-254x272.jpg";s:5:"width";i:254;s:6:"height";i:272;s:9:"mime-type";s:10:"image/jpeg";}}s:10:"image_meta";a:10:{s:8:"aperture";i:0;s:6:"credit";s:0:"";s:6:"camera";s:0:"";s:7:"caption";s:0:"";s:17:"created_timestamp";i:0;s:9:"copyright";s:0:"";s:12:"focal_length";i:0;s:3:"iso";i:0;s:13:"shutter_speed";i:0;s:5:"title";s:0:"";}}]]></wp:meta_value>
		</wp:postmeta>
		<wp:postmeta>
			<wp:meta_key>_wp_attachment_image_alt</wp:meta_key>
			<wp:meta_value><![CDATA[p]]></wp:meta_value>
		</wp:postmeta>
	</item>

	<item>
				<title>l1</title>
		<link>http://demo.select-themes.com/stockholm15/?attachment_id=21074</link>
		<pubDate>Wed, 13 Aug 2014 15:09:05 +0000</pubDate>
		<dc:creator><![CDATA[admin]]></dc:creator>
		<guid isPermaLink="false">http://demo.select-themes.com/stockholm15/wp-content/uploads/2014/08/l1.png</guid>
		<description/>
		<content:encoded><![CDATA[]]></content:encoded>
		<excerpt:encoded><![CDATA[]]></excerpt:encoded>
		<wp:post_id>21074</wp:post_id>
		<wp:post_date>2014-08-13 15:09:05</wp:post_date>
		<wp:post_date_gmt>2014-08-13 15:09:05</wp:post_date_gmt>
		<wp:comment_status>open</wp:comment_status>
		<wp:ping_status>open</wp:ping_status>
		<wp:post_name>l1</wp:post_name>
		<wp:status>inherit</wp:status>
		<wp:post_parent>0</wp:post_parent>
		<wp:menu_order>0</wp:menu_order>
		<wp:post_type>attachment</wp:post_type>
		<wp:post_password/>
		<wp:is_sticky>0</wp:is_sticky>
		<wp:attachment_url>http://demo.select-themes.com/stockholm15/wp-content/uploads/2014/08/l1.png</wp:attachment_url>
		<wp:postmeta>
			<wp:meta_key>_wp_attached_file</wp:meta_key>
			<wp:meta_value><![CDATA[2014/08/l1.png]]></wp:meta_value>
		</wp:postmeta>
		<wp:postmeta>
			<wp:meta_key>_wp_attachment_metadata</wp:meta_key>
			<wp:meta_value><![CDATA[a:5:{s:5:"width";i:280;s:6:"height";i:105;s:4:"file";s:14:"2014/08/l1.png";s:5:"sizes";a:4:{s:9:"thumbnail";a:4:{s:4:"file";s:14:"l1-150x105.png";s:5:"width";i:150;s:6:"height";i:105;s:9:"mime-type";s:9:"image/png";}s:23:"latest_post_small_image";a:4:{s:4:"file";s:14:"l1-125x105.png";s:5:"width";i:125;s:6:"height";i:105;s:9:"mime-type";s:9:"image/png";}s:14:"shop_thumbnail";a:4:{s:4:"file";s:13:"l1-170x63.png";s:5:"width";i:170;s:6:"height";i:63;s:9:"mime-type";s:9:"image/png";}s:12:"shop_catalog";a:4:{s:4:"file";s:14:"l1-254x105.png";s:5:"width";i:254;s:6:"height";i:105;s:9:"mime-type";s:9:"image/png";}}s:10:"image_meta";a:10:{s:8:"aperture";i:0;s:6:"credit";s:0:"";s:6:"camera";s:0:"";s:7:"caption";s:0:"";s:17:"created_timestamp";i:0;s:9:"copyright";s:0:"";s:12:"focal_length";i:0;s:3:"iso";i:0;s:13:"shutter_speed";i:0;s:5:"title";s:0:"";}}]]></wp:meta_value>
		</wp:postmeta>
		<wp:postmeta>
			<wp:meta_key>_wp_attachment_image_alt</wp:meta_key>
			<wp:meta_value><![CDATA[p]]></wp:meta_value>
		</wp:postmeta>
	</item>

	<item>
				<title>l2</title>
		<link>http://demo.select-themes.com/stockholm15/?attachment_id=21075</link>
		<pubDate>Wed, 13 Aug 2014 15:09:06 +0000</pubDate>
		<dc:creator><![CDATA[admin]]></dc:creator>
		<guid isPermaLink="false">http://demo.select-themes.com/stockholm15/wp-content/uploads/2014/08/l2.png</guid>
		<description/>
		<content:encoded><![CDATA[]]></content:encoded>
		<excerpt:encoded><![CDATA[]]></excerpt:encoded>
		<wp:post_id>21075</wp:post_id>
		<wp:post_date>2014-08-13 15:09:06</wp:post_date>
		<wp:post_date_gmt>2014-08-13 15:09:06</wp:post_date_gmt>
		<wp:comment_status>open</wp:comment_status>
		<wp:ping_status>open</wp:ping_status>
		<wp:post_name>l2</wp:post_name>
		<wp:status>inherit</wp:status>
		<wp:post_parent>0</wp:post_parent>
		<wp:menu_order>0</wp:menu_order>
		<wp:post_type>attachment</wp:post_type>
		<wp:post_password/>
		<wp:is_sticky>0</wp:is_sticky>
		<wp:attachment_url>http://demo.select-themes.com/stockholm15/wp-content/uploads/2014/08/l2.png</wp:attachment_url>
		<wp:postmeta>
			<wp:meta_key>_wp_attached_file</wp:meta_key>
			<wp:meta_value><![CDATA[2014/08/l2.png]]></wp:meta_value>
		</wp:postmeta>
		<wp:postmeta>
			<wp:meta_key>_wp_attachment_metadata</wp:meta_key>
			<wp:meta_value><![CDATA[a:5:{s:5:"width";i:280;s:6:"height";i:105;s:4:"file";s:14:"2014/08/l2.png";s:5:"sizes";a:4:{s:9:"thumbnail";a:4:{s:4:"file";s:14:"l2-150x105.png";s:5:"width";i:150;s:6:"height";i:105;s:9:"mime-type";s:9:"image/png";}s:23:"latest_post_small_image";a:4:{s:4:"file";s:14:"l2-125x105.png";s:5:"width";i:125;s:6:"height";i:105;s:9:"mime-type";s:9:"image/png";}s:14:"shop_thumbnail";a:4:{s:4:"file";s:13:"l2-170x63.png";s:5:"width";i:170;s:6:"height";i:63;s:9:"mime-type";s:9:"image/png";}s:12:"shop_catalog";a:4:{s:4:"file";s:14:"l2-254x105.png";s:5:"width";i:254;s:6:"height";i:105;s:9:"mime-type";s:9:"image/png";}}s:10:"image_meta";a:10:{s:8:"aperture";i:0;s:6:"credit";s:0:"";s:6:"camera";s:0:"";s:7:"caption";s:0:"";s:17:"created_timestamp";i:0;s:9:"copyright";s:0:"";s:12:"focal_length";i:0;s:3:"iso";i:0;s:13:"shutter_speed";i:0;s:5:"title";s:0:"";}}]]></wp:meta_value>
		</wp:postmeta>
		<wp:postmeta>
			<wp:meta_key>_wp_attachment_image_alt</wp:meta_key>
			<wp:meta_value><![CDATA[p]]></wp:meta_value>
		</wp:postmeta>
	</item>

	<item>
				<title>l3</title>
		<link>http://demo.select-themes.com/stockholm15/?attachment_id=21076</link>
		<pubDate>Wed, 13 Aug 2014 15:09:07 +0000</pubDate>
		<dc:creator><![CDATA[admin]]></dc:creator>
		<guid isPermaLink="false">http://demo.select-themes.com/stockholm15/wp-content/uploads/2014/08/l3.png</guid>
		<description/>
		<content:encoded><![CDATA[]]></content:encoded>
		<excerpt:encoded><![CDATA[]]></excerpt:encoded>
		<wp:post_id>21076</wp:post_id>
		<wp:post_date>2014-08-13 15:09:07</wp:post_date>
		<wp:post_date_gmt>2014-08-13 15:09:07</wp:post_date_gmt>
		<wp:comment_status>open</wp:comment_status>
		<wp:ping_status>open</wp:ping_status>
		<wp:post_name>l3</wp:post_name>
		<wp:status>inherit</wp:status>
		<wp:post_parent>0</wp:post_parent>
		<wp:menu_order>0</wp:menu_order>
		<wp:post_type>attachment</wp:post_type>
		<wp:post_password/>
		<wp:is_sticky>0</wp:is_sticky>
		<wp:attachment_url>http://demo.select-themes.com/stockholm15/wp-content/uploads/2014/08/l3.png</wp:attachment_url>
		<wp:postmeta>
			<wp:meta_key>_wp_attached_file</wp:meta_key>
			<wp:meta_value><![CDATA[2014/08/l3.png]]></wp:meta_value>
		</wp:postmeta>
		<wp:postmeta>
			<wp:meta_key>_wp_attachment_metadata</wp:meta_key>
			<wp:meta_value><![CDATA[a:5:{s:5:"width";i:280;s:6:"height";i:105;s:4:"file";s:14:"2014/08/l3.png";s:5:"sizes";a:4:{s:9:"thumbnail";a:4:{s:4:"file";s:14:"l3-150x105.png";s:5:"width";i:150;s:6:"height";i:105;s:9:"mime-type";s:9:"image/png";}s:23:"latest_post_small_image";a:4:{s:4:"file";s:14:"l3-125x105.png";s:5:"width";i:125;s:6:"height";i:105;s:9:"mime-type";s:9:"image/png";}s:14:"shop_thumbnail";a:4:{s:4:"file";s:13:"l3-170x63.png";s:5:"width";i:170;s:6:"height";i:63;s:9:"mime-type";s:9:"image/png";}s:12:"shop_catalog";a:4:{s:4:"file";s:14:"l3-254x105.png";s:5:"width";i:254;s:6:"height";i:105;s:9:"mime-type";s:9:"image/png";}}s:10:"image_meta";a:10:{s:8:"aperture";i:0;s:6:"credit";s:0:"";s:6:"camera";s:0:"";s:7:"caption";s:0:"";s:17:"created_timestamp";i:0;s:9:"copyright";s:0:"";s:12:"focal_length";i:0;s:3:"iso";i:0;s:13:"shutter_speed";i:0;s:5:"title";s:0:"";}}]]></wp:meta_value>
		</wp:postmeta>
		<wp:postmeta>
			<wp:meta_key>_wp_attachment_image_alt</wp:meta_key>
			<wp:meta_value><![CDATA[p]]></wp:meta_value>
		</wp:postmeta>
	</item>

	<item>
				<title>l4</title>
		<link>http://demo.select-themes.com/stockholm15/?attachment_id=21077</link>
		<pubDate>Wed, 13 Aug 2014 15:09:08 +0000</pubDate>
		<dc:creator><![CDATA[admin]]></dc:creator>
		<guid isPermaLink="false">http://demo.select-themes.com/stockholm15/wp-content/uploads/2014/08/l4.png</guid>
		<description/>
		<content:encoded><![CDATA[]]></content:encoded>
		<excerpt:encoded><![CDATA[]]></excerpt:encoded>
		<wp:post_id>21077</wp:post_id>
		<wp:post_date>2014-08-13 15:09:08</wp:post_date>
		<wp:post_date_gmt>2014-08-13 15:09:08</wp:post_date_gmt>
		<wp:comment_status>open</wp:comment_status>
		<wp:ping_status>open</wp:ping_status>
		<wp:post_name>l4</wp:post_name>
		<wp:status>inherit</wp:status>
		<wp:post_parent>0</wp:post_parent>
		<wp:menu_order>0</wp:menu_order>
		<wp:post_type>attachment</wp:post_type>
		<wp:post_password/>
		<wp:is_sticky>0</wp:is_sticky>
		<wp:attachment_url>http://demo.select-themes.com/stockholm15/wp-content/uploads/2014/08/l4.png</wp:attachment_url>
		<wp:postmeta>
			<wp:meta_key>_wp_attached_file</wp:meta_key>
			<wp:meta_value><![CDATA[2014/08/l4.png]]></wp:meta_value>
		</wp:postmeta>
		<wp:postmeta>
			<wp:meta_key>_wp_attachment_metadata</wp:meta_key>
			<wp:meta_value><![CDATA[a:5:{s:5:"width";i:280;s:6:"height";i:105;s:4:"file";s:14:"2014/08/l4.png";s:5:"sizes";a:4:{s:9:"thumbnail";a:4:{s:4:"file";s:14:"l4-150x105.png";s:5:"width";i:150;s:6:"height";i:105;s:9:"mime-type";s:9:"image/png";}s:23:"latest_post_small_image";a:4:{s:4:"file";s:14:"l4-125x105.png";s:5:"width";i:125;s:6:"height";i:105;s:9:"mime-type";s:9:"image/png";}s:14:"shop_thumbnail";a:4:{s:4:"file";s:13:"l4-170x63.png";s:5:"width";i:170;s:6:"height";i:63;s:9:"mime-type";s:9:"image/png";}s:12:"shop_catalog";a:4:{s:4:"file";s:14:"l4-254x105.png";s:5:"width";i:254;s:6:"height";i:105;s:9:"mime-type";s:9:"image/png";}}s:10:"image_meta";a:10:{s:8:"aperture";i:0;s:6:"credit";s:0:"";s:6:"camera";s:0:"";s:7:"caption";s:0:"";s:17:"created_timestamp";i:0;s:9:"copyright";s:0:"";s:12:"focal_length";i:0;s:3:"iso";i:0;s:13:"shutter_speed";i:0;s:5:"title";s:0:"";}}]]></wp:meta_value>
		</wp:postmeta>
		<wp:postmeta>
			<wp:meta_key>_wp_attachment_image_alt</wp:meta_key>
			<wp:meta_value><![CDATA[p]]></wp:meta_value>
		</wp:postmeta>
	</item>

	<item>
				<title>l5</title>
		<link>http://demo.select-themes.com/stockholm15/?attachment_id=21078</link>
		<pubDate>Wed, 13 Aug 2014 15:09:09 +0000</pubDate>
		<dc:creator><![CDATA[admin]]></dc:creator>
		<guid isPermaLink="false">http://demo.select-themes.com/stockholm15/wp-content/uploads/2014/08/l5.png</guid>
		<description/>
		<content:encoded><![CDATA[]]></content:encoded>
		<excerpt:encoded><![CDATA[]]></excerpt:encoded>
		<wp:post_id>21078</wp:post_id>
		<wp:post_date>2014-08-13 15:09:09</wp:post_date>
		<wp:post_date_gmt>2014-08-13 15:09:09</wp:post_date_gmt>
		<wp:comment_status>open</wp:comment_status>
		<wp:ping_status>open</wp:ping_status>
		<wp:post_name>l5</wp:post_name>
		<wp:status>inherit</wp:status>
		<wp:post_parent>0</wp:post_parent>
		<wp:menu_order>0</wp:menu_order>
		<wp:post_type>attachment</wp:post_type>
		<wp:post_password/>
		<wp:is_sticky>0</wp:is_sticky>
		<wp:attachment_url>http://demo.select-themes.com/stockholm15/wp-content/uploads/2014/08/l5.png</wp:attachment_url>
		<wp:postmeta>
			<wp:meta_key>_wp_attached_file</wp:meta_key>
			<wp:meta_value><![CDATA[2014/08/l5.png]]></wp:meta_value>
		</wp:postmeta>
		<wp:postmeta>
			<wp:meta_key>_wp_attachment_metadata</wp:meta_key>
			<wp:meta_value><![CDATA[a:5:{s:5:"width";i:280;s:6:"height";i:105;s:4:"file";s:14:"2014/08/l5.png";s:5:"sizes";a:4:{s:9:"thumbnail";a:4:{s:4:"file";s:14:"l5-150x105.png";s:5:"width";i:150;s:6:"height";i:105;s:9:"mime-type";s:9:"image/png";}s:23:"latest_post_small_image";a:4:{s:4:"file";s:14:"l5-125x105.png";s:5:"width";i:125;s:6:"height";i:105;s:9:"mime-type";s:9:"image/png";}s:14:"shop_thumbnail";a:4:{s:4:"file";s:13:"l5-170x63.png";s:5:"width";i:170;s:6:"height";i:63;s:9:"mime-type";s:9:"image/png";}s:12:"shop_catalog";a:4:{s:4:"file";s:14:"l5-254x105.png";s:5:"width";i:254;s:6:"height";i:105;s:9:"mime-type";s:9:"image/png";}}s:10:"image_meta";a:10:{s:8:"aperture";i:0;s:6:"credit";s:0:"";s:6:"camera";s:0:"";s:7:"caption";s:0:"";s:17:"created_timestamp";i:0;s:9:"copyright";s:0:"";s:12:"focal_length";i:0;s:3:"iso";i:0;s:13:"shutter_speed";i:0;s:5:"title";s:0:"";}}]]></wp:meta_value>
		</wp:postmeta>
		<wp:postmeta>
			<wp:meta_key>_wp_attachment_image_alt</wp:meta_key>
			<wp:meta_value><![CDATA[p]]></wp:meta_value>
		</wp:postmeta>
	</item>

	<item>
				<title>l6</title>
		<link>http://demo.select-themes.com/stockholm15/?attachment_id=21079</link>
		<pubDate>Wed, 13 Aug 2014 15:09:09 +0000</pubDate>
		<dc:creator><![CDATA[admin]]></dc:creator>
		<guid isPermaLink="false">http://demo.select-themes.com/stockholm15/wp-content/uploads/2014/08/l6.png</guid>
		<description/>
		<content:encoded><![CDATA[]]></content:encoded>
		<excerpt:encoded><![CDATA[]]></excerpt:encoded>
		<wp:post_id>21079</wp:post_id>
		<wp:post_date>2014-08-13 15:09:09</wp:post_date>
		<wp:post_date_gmt>2014-08-13 15:09:09</wp:post_date_gmt>
		<wp:comment_status>open</wp:comment_status>
		<wp:ping_status>open</wp:ping_status>
		<wp:post_name>l6</wp:post_name>
		<wp:status>inherit</wp:status>
		<wp:post_parent>0</wp:post_parent>
		<wp:menu_order>0</wp:menu_order>
		<wp:post_type>attachment</wp:post_type>
		<wp:post_password/>
		<wp:is_sticky>0</wp:is_sticky>
		<wp:attachment_url>http://demo.select-themes.com/stockholm15/wp-content/uploads/2014/08/l6.png</wp:attachment_url>
		<wp:postmeta>
			<wp:meta_key>_wp_attached_file</wp:meta_key>
			<wp:meta_value><![CDATA[2014/08/l6.png]]></wp:meta_value>
		</wp:postmeta>
		<wp:postmeta>
			<wp:meta_key>_wp_attachment_metadata</wp:meta_key>
			<wp:meta_value><![CDATA[a:5:{s:5:"width";i:280;s:6:"height";i:105;s:4:"file";s:14:"2014/08/l6.png";s:5:"sizes";a:4:{s:9:"thumbnail";a:4:{s:4:"file";s:14:"l6-150x105.png";s:5:"width";i:150;s:6:"height";i:105;s:9:"mime-type";s:9:"image/png";}s:23:"latest_post_small_image";a:4:{s:4:"file";s:14:"l6-125x105.png";s:5:"width";i:125;s:6:"height";i:105;s:9:"mime-type";s:9:"image/png";}s:14:"shop_thumbnail";a:4:{s:4:"file";s:13:"l6-170x63.png";s:5:"width";i:170;s:6:"height";i:63;s:9:"mime-type";s:9:"image/png";}s:12:"shop_catalog";a:4:{s:4:"file";s:14:"l6-254x105.png";s:5:"width";i:254;s:6:"height";i:105;s:9:"mime-type";s:9:"image/png";}}s:10:"image_meta";a:10:{s:8:"aperture";i:0;s:6:"credit";s:0:"";s:6:"camera";s:0:"";s:7:"caption";s:0:"";s:17:"created_timestamp";i:0;s:9:"copyright";s:0:"";s:12:"focal_length";i:0;s:3:"iso";i:0;s:13:"shutter_speed";i:0;s:5:"title";s:0:"";}}]]></wp:meta_value>
		</wp:postmeta>
		<wp:postmeta>
			<wp:meta_key>_wp_attachment_image_alt</wp:meta_key>
			<wp:meta_value><![CDATA[p]]></wp:meta_value>
		</wp:postmeta>
	</item>

	<item>
				<title>demo1-logo</title>
		<link>http://demo.select-themes.com/stockholm15/?attachment_id=21142</link>
		<pubDate>Thu, 14 Aug 2014 09:40:00 +0000</pubDate>
		<dc:creator><![CDATA[admin]]></dc:creator>
		<guid isPermaLink="false">http://demo.select-themes.com/stockholm15/wp-content/uploads/2014/08/demo1-logo.png</guid>
		<description/>
		<content:encoded><![CDATA[]]></content:encoded>
		<excerpt:encoded><![CDATA[]]></excerpt:encoded>
		<wp:post_id>21142</wp:post_id>
		<wp:post_date>2014-08-14 09:40:00</wp:post_date>
		<wp:post_date_gmt>2014-08-14 09:40:00</wp:post_date_gmt>
		<wp:comment_status>open</wp:comment_status>
		<wp:ping_status>open</wp:ping_status>
		<wp:post_name>demo1-logo</wp:post_name>
		<wp:status>inherit</wp:status>
		<wp:post_parent>0</wp:post_parent>
		<wp:menu_order>0</wp:menu_order>
		<wp:post_type>attachment</wp:post_type>
		<wp:post_password/>
		<wp:is_sticky>0</wp:is_sticky>
		<wp:attachment_url>http://demo.select-themes.com/stockholm15/wp-content/uploads/2014/08/demo1-logo.png</wp:attachment_url>
		<wp:postmeta>
			<wp:meta_key>_wp_attached_file</wp:meta_key>
			<wp:meta_value><![CDATA[2014/08/demo1-logo.png]]></wp:meta_value>
		</wp:postmeta>
		<wp:postmeta>
			<wp:meta_key>_wp_attachment_metadata</wp:meta_key>
			<wp:meta_value><![CDATA[a:5:{s:5:"width";i:403;s:6:"height";i:190;s:4:"file";s:22:"2014/08/demo1-logo.png";s:5:"sizes";a:7:{s:9:"thumbnail";a:4:{s:4:"file";s:22:"demo1-logo-150x150.png";s:5:"width";i:150;s:6:"height";i:150;s:9:"mime-type";s:9:"image/png";}s:6:"medium";a:4:{s:4:"file";s:22:"demo1-logo-300x141.png";s:5:"width";i:300;s:6:"height";i:141;s:9:"mime-type";s:9:"image/png";}s:18:"menu-featured-post";a:4:{s:4:"file";s:22:"demo1-logo-345x190.png";s:5:"width";i:345;s:6:"height";i:190;s:9:"mime-type";s:9:"image/png";}s:20:"qode-carousel_slider";a:4:{s:4:"file";s:22:"demo1-logo-400x190.png";s:5:"width";i:400;s:6:"height";i:190;s:9:"mime-type";s:9:"image/png";}s:23:"latest_post_small_image";a:4:{s:4:"file";s:22:"demo1-logo-125x112.png";s:5:"width";i:125;s:6:"height";i:112;s:9:"mime-type";s:9:"image/png";}s:14:"shop_thumbnail";a:4:{s:4:"file";s:21:"demo1-logo-170x80.png";s:5:"width";i:170;s:6:"height";i:80;s:9:"mime-type";s:9:"image/png";}s:12:"shop_catalog";a:4:{s:4:"file";s:22:"demo1-logo-254x190.png";s:5:"width";i:254;s:6:"height";i:190;s:9:"mime-type";s:9:"image/png";}}s:10:"image_meta";a:10:{s:8:"aperture";i:0;s:6:"credit";s:0:"";s:6:"camera";s:0:"";s:7:"caption";s:0:"";s:17:"created_timestamp";i:0;s:9:"copyright";s:0:"";s:12:"focal_length";i:0;s:3:"iso";i:0;s:13:"shutter_speed";i:0;s:5:"title";s:0:"";}}]]></wp:meta_value>
		</wp:postmeta>
		<wp:postmeta>
			<wp:meta_key>_wp_attachment_image_alt</wp:meta_key>
			<wp:meta_value><![CDATA[p]]></wp:meta_value>
		</wp:postmeta>
	</item>

	<item>
				<title>demo1-logo-light</title>
		<link>http://demo.select-themes.com/stockholm15/?attachment_id=21143</link>
		<pubDate>Thu, 14 Aug 2014 09:43:23 +0000</pubDate>
		<dc:creator><![CDATA[admin]]></dc:creator>
		<guid isPermaLink="false">http://demo.select-themes.com/stockholm15/wp-content/uploads/2014/08/demo1-logo-light.png</guid>
		<description/>
		<content:encoded><![CDATA[]]></content:encoded>
		<excerpt:encoded><![CDATA[]]></excerpt:encoded>
		<wp:post_id>21143</wp:post_id>
		<wp:post_date>2014-08-14 09:43:23</wp:post_date>
		<wp:post_date_gmt>2014-08-14 09:43:23</wp:post_date_gmt>
		<wp:comment_status>open</wp:comment_status>
		<wp:ping_status>open</wp:ping_status>
		<wp:post_name>demo1-logo-light</wp:post_name>
		<wp:status>inherit</wp:status>
		<wp:post_parent>0</wp:post_parent>
		<wp:menu_order>0</wp:menu_order>
		<wp:post_type>attachment</wp:post_type>
		<wp:post_password/>
		<wp:is_sticky>0</wp:is_sticky>
		<wp:attachment_url>http://demo.select-themes.com/stockholm15/wp-content/uploads/2014/08/demo1-logo-light.png</wp:attachment_url>
		<wp:postmeta>
			<wp:meta_key>_wp_attached_file</wp:meta_key>
			<wp:meta_value><![CDATA[2014/08/demo1-logo-light.png]]></wp:meta_value>
		</wp:postmeta>
		<wp:postmeta>
			<wp:meta_key>_wp_attachment_metadata</wp:meta_key>
			<wp:meta_value><![CDATA[a:5:{s:5:"width";i:403;s:6:"height";i:190;s:4:"file";s:28:"2014/08/demo1-logo-light.png";s:5:"sizes";a:7:{s:9:"thumbnail";a:4:{s:4:"file";s:28:"demo1-logo-light-150x150.png";s:5:"width";i:150;s:6:"height";i:150;s:9:"mime-type";s:9:"image/png";}s:6:"medium";a:4:{s:4:"file";s:28:"demo1-logo-light-300x141.png";s:5:"width";i:300;s:6:"height";i:141;s:9:"mime-type";s:9:"image/png";}s:18:"menu-featured-post";a:4:{s:4:"file";s:28:"demo1-logo-light-345x190.png";s:5:"width";i:345;s:6:"height";i:190;s:9:"mime-type";s:9:"image/png";}s:20:"qode-carousel_slider";a:4:{s:4:"file";s:28:"demo1-logo-light-400x190.png";s:5:"width";i:400;s:6:"height";i:190;s:9:"mime-type";s:9:"image/png";}s:23:"latest_post_small_image";a:4:{s:4:"file";s:28:"demo1-logo-light-125x112.png";s:5:"width";i:125;s:6:"height";i:112;s:9:"mime-type";s:9:"image/png";}s:14:"shop_thumbnail";a:4:{s:4:"file";s:27:"demo1-logo-light-170x80.png";s:5:"width";i:170;s:6:"height";i:80;s:9:"mime-type";s:9:"image/png";}s:12:"shop_catalog";a:4:{s:4:"file";s:28:"demo1-logo-light-254x190.png";s:5:"width";i:254;s:6:"height";i:190;s:9:"mime-type";s:9:"image/png";}}s:10:"image_meta";a:10:{s:8:"aperture";i:0;s:6:"credit";s:0:"";s:6:"camera";s:0:"";s:7:"caption";s:0:"";s:17:"created_timestamp";i:0;s:9:"copyright";s:0:"";s:12:"focal_length";i:0;s:3:"iso";i:0;s:13:"shutter_speed";i:0;s:5:"title";s:0:"";}}]]></wp:meta_value>
		</wp:postmeta>
		<wp:postmeta>
			<wp:meta_key>_wp_attachment_image_alt</wp:meta_key>
			<wp:meta_value><![CDATA[p]]></wp:meta_value>
		</wp:postmeta>
	</item>
	
	
	
	
	
	
	

	<item>
				<title>demo1-logo-footer</title>
		<link>http://demo.select-themes.com/stockholm15/?attachment_id=21289</link>
		<pubDate>Mon, 18 Aug 2014 12:52:15 +0000</pubDate>
		<dc:creator><![CDATA[admin]]></dc:creator>
		<guid isPermaLink="false">http://demo.select-themes.com/stockholm15/wp-content/uploads/2014/08/demo1-logo-footer.png</guid>
		<description/>
		<content:encoded><![CDATA[]]></content:encoded>
		<excerpt:encoded><![CDATA[]]></excerpt:encoded>
		<wp:post_id>21289</wp:post_id>
		<wp:post_date>2014-08-18 12:52:15</wp:post_date>
		<wp:post_date_gmt>2014-08-18 12:52:15</wp:post_date_gmt>
		<wp:comment_status>open</wp:comment_status>
		<wp:ping_status>open</wp:ping_status>
		<wp:post_name>demo1-logo-footer</wp:post_name>
		<wp:status>inherit</wp:status>
		<wp:post_parent>0</wp:post_parent>
		<wp:menu_order>0</wp:menu_order>
		<wp:post_type>attachment</wp:post_type>
		<wp:post_password/>
		<wp:is_sticky>0</wp:is_sticky>
		<wp:attachment_url>http://demo.select-themes.com/stockholm15/wp-content/uploads/2014/08/demo1-logo-footer.png</wp:attachment_url>
		<wp:postmeta>
			<wp:meta_key>_wp_attached_file</wp:meta_key>
			<wp:meta_value><![CDATA[2014/08/demo1-logo-footer.png]]></wp:meta_value>
		</wp:postmeta>
		<wp:postmeta>
			<wp:meta_key>_wp_attachment_metadata</wp:meta_key>
			<wp:meta_value><![CDATA[a:5:{s:5:"width";i:169;s:6:"height";i:23;s:4:"file";s:29:"2014/08/demo1-logo-footer.png";s:5:"sizes";a:2:{s:9:"thumbnail";a:4:{s:4:"file";s:28:"demo1-logo-footer-150x23.png";s:5:"width";i:150;s:6:"height";i:23;s:9:"mime-type";s:9:"image/png";}s:23:"latest_post_small_image";a:4:{s:4:"file";s:28:"demo1-logo-footer-125x23.png";s:5:"width";i:125;s:6:"height";i:23;s:9:"mime-type";s:9:"image/png";}}s:10:"image_meta";a:10:{s:8:"aperture";i:0;s:6:"credit";s:0:"";s:6:"camera";s:0:"";s:7:"caption";s:0:"";s:17:"created_timestamp";i:0;s:9:"copyright";s:0:"";s:12:"focal_length";i:0;s:3:"iso";i:0;s:13:"shutter_speed";i:0;s:5:"title";s:0:"";}}]]></wp:meta_value>
		</wp:postmeta>
		<wp:postmeta>
			<wp:meta_key>_wp_attachment_image_alt</wp:meta_key>
			<wp:meta_value><![CDATA[p]]></wp:meta_value>
		</wp:postmeta>
		<wp:postmeta>
			<wp:meta_key>_edit_last</wp:meta_key>
			<wp:meta_value><![CDATA[1]]></wp:meta_value>
		</wp:postmeta>
	</item>

	<item>
				<title>pin</title>
		<link>http://demo.select-themes.com/stockholm15/?attachment_id=21300</link>
		<pubDate>Thu, 21 Aug 2014 08:03:49 +0000</pubDate>
		<dc:creator><![CDATA[admin]]></dc:creator>
		<guid isPermaLink="false">http://demo.select-themes.com/stockholm15/wp-content/uploads/2014/08/pin.png</guid>
		<description/>
		<content:encoded><![CDATA[]]></content:encoded>
		<excerpt:encoded><![CDATA[]]></excerpt:encoded>
		<wp:post_id>21300</wp:post_id>
		<wp:post_date>2014-08-21 08:03:49</wp:post_date>
		<wp:post_date_gmt>2014-08-21 08:03:49</wp:post_date_gmt>
		<wp:comment_status>open</wp:comment_status>
		<wp:ping_status>open</wp:ping_status>
		<wp:post_name>pin</wp:post_name>
		<wp:status>inherit</wp:status>
		<wp:post_parent>0</wp:post_parent>
		<wp:menu_order>0</wp:menu_order>
		<wp:post_type>attachment</wp:post_type>
		<wp:post_password/>
		<wp:is_sticky>0</wp:is_sticky>
		<wp:attachment_url>http://demo.select-themes.com/stockholm15/wp-content/uploads/2014/08/pin.png</wp:attachment_url>
		<wp:postmeta>
			<wp:meta_key>_wp_attached_file</wp:meta_key>
			<wp:meta_value><![CDATA[2014/08/pin.png]]></wp:meta_value>
		</wp:postmeta>
		<wp:postmeta>
			<wp:meta_key>_wp_attachment_metadata</wp:meta_key>
			<wp:meta_value><![CDATA[a:5:{s:5:"width";i:38;s:6:"height";i:46;s:4:"file";s:15:"2014/08/pin.png";s:5:"sizes";a:0:{}s:10:"image_meta";a:10:{s:8:"aperture";i:0;s:6:"credit";s:0:"";s:6:"camera";s:0:"";s:7:"caption";s:0:"";s:17:"created_timestamp";i:0;s:9:"copyright";s:0:"";s:12:"focal_length";i:0;s:3:"iso";i:0;s:13:"shutter_speed";i:0;s:5:"title";s:0:"";}}]]></wp:meta_value>
		</wp:postmeta>
		<wp:postmeta>
			<wp:meta_key>_wp_attachment_image_alt</wp:meta_key>
			<wp:meta_value><![CDATA[p]]></wp:meta_value>
		</wp:postmeta>
	</item>

	<item>
				<title>logo_retina</title>
		<link>http://demo.select-themes.com/stockholm15/?attachment_id=21313</link>
		<pubDate>Tue, 26 Aug 2014 09:14:14 +0000</pubDate>
		<dc:creator><![CDATA[admin]]></dc:creator>
		<guid isPermaLink="false">http://demo.select-themes.com/stockholm15/wp-content/uploads/2014/08/logo_retina.png</guid>
		<description/>
		<content:encoded><![CDATA[]]></content:encoded>
		<excerpt:encoded><![CDATA[]]></excerpt:encoded>
		<wp:post_id>21313</wp:post_id>
		<wp:post_date>2014-08-26 09:14:14</wp:post_date>
		<wp:post_date_gmt>2014-08-26 09:14:14</wp:post_date_gmt>
		<wp:comment_status>open</wp:comment_status>
		<wp:ping_status>open</wp:ping_status>
		<wp:post_name>logo_retina</wp:post_name>
		<wp:status>inherit</wp:status>
		<wp:post_parent>0</wp:post_parent>
		<wp:menu_order>0</wp:menu_order>
		<wp:post_type>attachment</wp:post_type>
		<wp:post_password/>
		<wp:is_sticky>0</wp:is_sticky>
		<wp:attachment_url>http://demo.select-themes.com/stockholm15/wp-content/uploads/2014/08/logo_retina.png</wp:attachment_url>
		<wp:postmeta>
			<wp:meta_key>_wp_attached_file</wp:meta_key>
			<wp:meta_value><![CDATA[2014/08/logo_retina.png]]></wp:meta_value>
		</wp:postmeta>
		<wp:postmeta>
			<wp:meta_key>_wp_attachment_metadata</wp:meta_key>
			<wp:meta_value><![CDATA[a:5:{s:5:"width";i:513;s:6:"height";i:268;s:4:"file";s:23:"2014/08/logo_retina.png";s:5:"sizes";a:10:{s:9:"thumbnail";a:4:{s:4:"file";s:23:"logo_retina-150x150.png";s:5:"width";i:150;s:6:"height";i:150;s:9:"mime-type";s:9:"image/png";}s:6:"medium";a:4:{s:4:"file";s:23:"logo_retina-300x156.png";s:5:"width";i:300;s:6:"height";i:156;s:9:"mime-type";s:9:"image/png";}s:18:"menu-featured-post";a:4:{s:4:"file";s:23:"logo_retina-345x198.png";s:5:"width";i:345;s:6:"height";i:198;s:9:"mime-type";s:9:"image/png";}s:20:"qode-carousel_slider";a:4:{s:4:"file";s:23:"logo_retina-400x260.png";s:5:"width";i:400;s:6:"height";i:260;s:9:"mime-type";s:9:"image/png";}s:16:"portfolio_slider";a:4:{s:4:"file";s:23:"logo_retina-480x268.png";s:5:"width";i:480;s:6:"height";i:268;s:9:"mime-type";s:9:"image/png";}s:25:"portfolio_masonry_regular";a:4:{s:4:"file";s:23:"logo_retina-500x268.png";s:5:"width";i:500;s:6:"height";i:268;s:9:"mime-type";s:9:"image/png";}s:22:"portfolio_masonry_tall";a:4:{s:4:"file";s:23:"logo_retina-500x268.png";s:5:"width";i:500;s:6:"height";i:268;s:9:"mime-type";s:9:"image/png";}s:23:"latest_post_small_image";a:4:{s:4:"file";s:23:"logo_retina-125x112.png";s:5:"width";i:125;s:6:"height";i:112;s:9:"mime-type";s:9:"image/png";}s:14:"shop_thumbnail";a:4:{s:4:"file";s:22:"logo_retina-170x88.png";s:5:"width";i:170;s:6:"height";i:88;s:9:"mime-type";s:9:"image/png";}s:12:"shop_catalog";a:4:{s:4:"file";s:23:"logo_retina-254x268.png";s:5:"width";i:254;s:6:"height";i:268;s:9:"mime-type";s:9:"image/png";}}s:10:"image_meta";a:10:{s:8:"aperture";i:0;s:6:"credit";s:0:"";s:6:"camera";s:0:"";s:7:"caption";s:0:"";s:17:"created_timestamp";i:0;s:9:"copyright";s:0:"";s:12:"focal_length";i:0;s:3:"iso";i:0;s:13:"shutter_speed";i:0;s:5:"title";s:0:"";}}]]></wp:meta_value>
		</wp:postmeta>
		<wp:postmeta>
			<wp:meta_key>_wp_attachment_image_alt</wp:meta_key>
			<wp:meta_value><![CDATA[logo]]></wp:meta_value>
		</wp:postmeta>
	</item>

	<item>
				<title>1</title>
		<link>http://demo.select-themes.com/stockholm15/?attachment_id=21314</link>
		<pubDate>Tue, 26 Aug 2014 09:22:22 +0000</pubDate>
		<dc:creator><![CDATA[admin]]></dc:creator>
		<guid isPermaLink="false">http://demo.select-themes.com/stockholm15/wp-content/uploads/2014/08/1.jpg</guid>
		<description/>
		<content:encoded><![CDATA[]]></content:encoded>
		<excerpt:encoded><![CDATA[]]></excerpt:encoded>
		<wp:post_id>21314</wp:post_id>
		<wp:post_date>2014-08-26 09:22:22</wp:post_date>
		<wp:post_date_gmt>2014-08-26 09:22:22</wp:post_date_gmt>
		<wp:comment_status>open</wp:comment_status>
		<wp:ping_status>open</wp:ping_status>
		<wp:post_name>1-3</wp:post_name>
		<wp:status>inherit</wp:status>
		<wp:post_parent>0</wp:post_parent>
		<wp:menu_order>0</wp:menu_order>
		<wp:post_type>attachment</wp:post_type>
		<wp:post_password/>
		<wp:is_sticky>0</wp:is_sticky>
		<wp:attachment_url>http://demo.select-themes.com/stockholm15/wp-content/uploads/2014/08/1.jpg</wp:attachment_url>
		<wp:postmeta>
			<wp:meta_key>_wp_attached_file</wp:meta_key>
			<wp:meta_value><![CDATA[2014/08/1.jpg]]></wp:meta_value>
		</wp:postmeta>
		<wp:postmeta>
			<wp:meta_key>_wp_attachment_metadata</wp:meta_key>
			<wp:meta_value><![CDATA[a:5:{s:5:"width";i:1100;s:6:"height";i:619;s:4:"file";s:13:"2014/08/1.jpg";s:5:"sizes";a:19:{s:9:"thumbnail";a:4:{s:4:"file";s:13:"1-150x150.jpg";s:5:"width";i:150;s:6:"height";i:150;s:9:"mime-type";s:10:"image/jpeg";}s:6:"medium";a:4:{s:4:"file";s:13:"1-300x168.jpg";s:5:"width";i:300;s:6:"height";i:168;s:9:"mime-type";s:10:"image/jpeg";}s:5:"large";a:4:{s:4:"file";s:14:"1-1024x576.jpg";s:5:"width";i:1024;s:6:"height";i:576;s:9:"mime-type";s:10:"image/jpeg";}s:16:"portfolio-square";a:4:{s:4:"file";s:13:"1-550x550.jpg";s:5:"width";i:550;s:6:"height";i:550;s:9:"mime-type";s:10:"image/jpeg";}s:19:"portfolio-landscape";a:4:{s:4:"file";s:13:"1-800x600.jpg";s:5:"width";i:800;s:6:"height";i:600;s:9:"mime-type";s:10:"image/jpeg";}s:18:"portfolio-portrait";a:4:{s:4:"file";s:13:"1-600x619.jpg";s:5:"width";i:600;s:6:"height";i:619;s:9:"mime-type";s:10:"image/jpeg";}s:17:"portfolio-default";a:4:{s:4:"file";s:13:"1-550x498.jpg";s:5:"width";i:550;s:6:"height";i:498;s:9:"mime-type";s:10:"image/jpeg";}s:18:"menu-featured-post";a:4:{s:4:"file";s:13:"1-345x198.jpg";s:5:"width";i:345;s:6:"height";i:198;s:9:"mime-type";s:10:"image/jpeg";}s:20:"qode-carousel_slider";a:4:{s:4:"file";s:13:"1-400x260.jpg";s:5:"width";i:400;s:6:"height";i:260;s:9:"mime-type";s:10:"image/jpeg";}s:16:"portfolio_slider";a:4:{s:4:"file";s:13:"1-480x434.jpg";s:5:"width";i:480;s:6:"height";i:434;s:9:"mime-type";s:10:"image/jpeg";}s:25:"portfolio_masonry_regular";a:4:{s:4:"file";s:13:"1-500x500.jpg";s:5:"width";i:500;s:6:"height";i:500;s:9:"mime-type";s:10:"image/jpeg";}s:22:"portfolio_masonry_wide";a:4:{s:4:"file";s:14:"1-1000x500.jpg";s:5:"width";i:1000;s:6:"height";i:500;s:9:"mime-type";s:10:"image/jpeg";}s:22:"portfolio_masonry_tall";a:4:{s:4:"file";s:13:"1-500x619.jpg";s:5:"width";i:500;s:6:"height";i:619;s:9:"mime-type";s:10:"image/jpeg";}s:23:"portfolio_masonry_large";a:4:{s:4:"file";s:14:"1-1000x619.jpg";s:5:"width";i:1000;s:6:"height";i:619;s:9:"mime-type";s:10:"image/jpeg";}s:28:"portfolio_masonry_with_space";a:4:{s:4:"file";s:13:"1-700x393.jpg";s:5:"width";i:700;s:6:"height";i:393;s:9:"mime-type";s:10:"image/jpeg";}s:23:"latest_post_small_image";a:4:{s:4:"file";s:13:"1-125x112.jpg";s:5:"width";i:125;s:6:"height";i:112;s:9:"mime-type";s:10:"image/jpeg";}s:14:"shop_thumbnail";a:4:{s:4:"file";s:12:"1-170x95.jpg";s:5:"width";i:170;s:6:"height";i:95;s:9:"mime-type";s:10:"image/jpeg";}s:12:"shop_catalog";a:4:{s:4:"file";s:13:"1-254x300.jpg";s:5:"width";i:254;s:6:"height";i:300;s:9:"mime-type";s:10:"image/jpeg";}s:11:"shop_single";a:4:{s:4:"file";s:13:"1-538x538.jpg";s:5:"width";i:538;s:6:"height";i:538;s:9:"mime-type";s:10:"image/jpeg";}}s:10:"image_meta";a:10:{s:8:"aperture";i:0;s:6:"credit";s:0:"";s:6:"camera";s:0:"";s:7:"caption";s:0:"";s:17:"created_timestamp";i:0;s:9:"copyright";s:0:"";s:12:"focal_length";i:0;s:3:"iso";i:0;s:13:"shutter_speed";i:0;s:5:"title";s:0:"";}}]]></wp:meta_value>
		</wp:postmeta>
		<wp:postmeta>
			<wp:meta_key>_wp_attachment_image_alt</wp:meta_key>
			<wp:meta_value><![CDATA[a]]></wp:meta_value>
		</wp:postmeta>
	</item>

	<item>
				<title>2</title>
		<link>http://demo.select-themes.com/stockholm15/?attachment_id=21318</link>
		<pubDate>Tue, 26 Aug 2014 09:41:20 +0000</pubDate>
		<dc:creator><![CDATA[admin]]></dc:creator>
		<guid isPermaLink="false">http://demo.select-themes.com/stockholm15/wp-content/uploads/2014/08/2.jpg</guid>
		<description/>
		<content:encoded><![CDATA[]]></content:encoded>
		<excerpt:encoded><![CDATA[]]></excerpt:encoded>
		<wp:post_id>21318</wp:post_id>
		<wp:post_date>2014-08-26 09:41:20</wp:post_date>
		<wp:post_date_gmt>2014-08-26 09:41:20</wp:post_date_gmt>
		<wp:comment_status>open</wp:comment_status>
		<wp:ping_status>open</wp:ping_status>
		<wp:post_name>2-3</wp:post_name>
		<wp:status>inherit</wp:status>
		<wp:post_parent>0</wp:post_parent>
		<wp:menu_order>0</wp:menu_order>
		<wp:post_type>attachment</wp:post_type>
		<wp:post_password/>
		<wp:is_sticky>0</wp:is_sticky>
		<wp:attachment_url>http://demo.select-themes.com/stockholm15/wp-content/uploads/2014/08/2.jpg</wp:attachment_url>
		<wp:postmeta>
			<wp:meta_key>_wp_attached_file</wp:meta_key>
			<wp:meta_value><![CDATA[2014/08/2.jpg]]></wp:meta_value>
		</wp:postmeta>
		<wp:postmeta>
			<wp:meta_key>_wp_attachment_metadata</wp:meta_key>
			<wp:meta_value><![CDATA[a:5:{s:5:"width";i:1100;s:6:"height";i:619;s:4:"file";s:13:"2014/08/2.jpg";s:5:"sizes";a:19:{s:9:"thumbnail";a:4:{s:4:"file";s:13:"2-150x150.jpg";s:5:"width";i:150;s:6:"height";i:150;s:9:"mime-type";s:10:"image/jpeg";}s:6:"medium";a:4:{s:4:"file";s:13:"2-300x168.jpg";s:5:"width";i:300;s:6:"height";i:168;s:9:"mime-type";s:10:"image/jpeg";}s:5:"large";a:4:{s:4:"file";s:14:"2-1024x576.jpg";s:5:"width";i:1024;s:6:"height";i:576;s:9:"mime-type";s:10:"image/jpeg";}s:16:"portfolio-square";a:4:{s:4:"file";s:13:"2-550x550.jpg";s:5:"width";i:550;s:6:"height";i:550;s:9:"mime-type";s:10:"image/jpeg";}s:19:"portfolio-landscape";a:4:{s:4:"file";s:13:"2-800x600.jpg";s:5:"width";i:800;s:6:"height";i:600;s:9:"mime-type";s:10:"image/jpeg";}s:18:"portfolio-portrait";a:4:{s:4:"file";s:13:"2-600x619.jpg";s:5:"width";i:600;s:6:"height";i:619;s:9:"mime-type";s:10:"image/jpeg";}s:17:"portfolio-default";a:4:{s:4:"file";s:13:"2-550x498.jpg";s:5:"width";i:550;s:6:"height";i:498;s:9:"mime-type";s:10:"image/jpeg";}s:18:"menu-featured-post";a:4:{s:4:"file";s:13:"2-345x198.jpg";s:5:"width";i:345;s:6:"height";i:198;s:9:"mime-type";s:10:"image/jpeg";}s:20:"qode-carousel_slider";a:4:{s:4:"file";s:13:"2-400x260.jpg";s:5:"width";i:400;s:6:"height";i:260;s:9:"mime-type";s:10:"image/jpeg";}s:16:"portfolio_slider";a:4:{s:4:"file";s:13:"2-480x434.jpg";s:5:"width";i:480;s:6:"height";i:434;s:9:"mime-type";s:10:"image/jpeg";}s:25:"portfolio_masonry_regular";a:4:{s:4:"file";s:13:"2-500x500.jpg";s:5:"width";i:500;s:6:"height";i:500;s:9:"mime-type";s:10:"image/jpeg";}s:22:"portfolio_masonry_wide";a:4:{s:4:"file";s:14:"2-1000x500.jpg";s:5:"width";i:1000;s:6:"height";i:500;s:9:"mime-type";s:10:"image/jpeg";}s:22:"portfolio_masonry_tall";a:4:{s:4:"file";s:13:"2-500x619.jpg";s:5:"width";i:500;s:6:"height";i:619;s:9:"mime-type";s:10:"image/jpeg";}s:23:"portfolio_masonry_large";a:4:{s:4:"file";s:14:"2-1000x619.jpg";s:5:"width";i:1000;s:6:"height";i:619;s:9:"mime-type";s:10:"image/jpeg";}s:28:"portfolio_masonry_with_space";a:4:{s:4:"file";s:13:"2-700x393.jpg";s:5:"width";i:700;s:6:"height";i:393;s:9:"mime-type";s:10:"image/jpeg";}s:23:"latest_post_small_image";a:4:{s:4:"file";s:13:"2-125x112.jpg";s:5:"width";i:125;s:6:"height";i:112;s:9:"mime-type";s:10:"image/jpeg";}s:14:"shop_thumbnail";a:4:{s:4:"file";s:12:"2-170x95.jpg";s:5:"width";i:170;s:6:"height";i:95;s:9:"mime-type";s:10:"image/jpeg";}s:12:"shop_catalog";a:4:{s:4:"file";s:13:"2-254x300.jpg";s:5:"width";i:254;s:6:"height";i:300;s:9:"mime-type";s:10:"image/jpeg";}s:11:"shop_single";a:4:{s:4:"file";s:13:"2-538x538.jpg";s:5:"width";i:538;s:6:"height";i:538;s:9:"mime-type";s:10:"image/jpeg";}}s:10:"image_meta";a:10:{s:8:"aperture";i:0;s:6:"credit";s:0:"";s:6:"camera";s:0:"";s:7:"caption";s:0:"";s:17:"created_timestamp";i:0;s:9:"copyright";s:0:"";s:12:"focal_length";i:0;s:3:"iso";i:0;s:13:"shutter_speed";i:0;s:5:"title";s:0:"";}}]]></wp:meta_value>
		</wp:postmeta>
		<wp:postmeta>
			<wp:meta_key>_wp_attachment_image_alt</wp:meta_key>
			<wp:meta_value><![CDATA[a]]></wp:meta_value>
		</wp:postmeta>
	</item>

	<item>
				<title>3</title>
		<link>http://demo.select-themes.com/stockholm15/?attachment_id=21319</link>
		<pubDate>Tue, 26 Aug 2014 09:41:50 +0000</pubDate>
		<dc:creator><![CDATA[admin]]></dc:creator>
		<guid isPermaLink="false">http://demo.select-themes.com/stockholm15/wp-content/uploads/2014/08/3.jpg</guid>
		<description/>
		<content:encoded><![CDATA[]]></content:encoded>
		<excerpt:encoded><![CDATA[]]></excerpt:encoded>
		<wp:post_id>21319</wp:post_id>
		<wp:post_date>2014-08-26 09:41:50</wp:post_date>
		<wp:post_date_gmt>2014-08-26 09:41:50</wp:post_date_gmt>
		<wp:comment_status>open</wp:comment_status>
		<wp:ping_status>open</wp:ping_status>
		<wp:post_name>3-3</wp:post_name>
		<wp:status>inherit</wp:status>
		<wp:post_parent>0</wp:post_parent>
		<wp:menu_order>0</wp:menu_order>
		<wp:post_type>attachment</wp:post_type>
		<wp:post_password/>
		<wp:is_sticky>0</wp:is_sticky>
		<wp:attachment_url>http://demo.select-themes.com/stockholm15/wp-content/uploads/2014/08/3.jpg</wp:attachment_url>
		<wp:postmeta>
			<wp:meta_key>_wp_attached_file</wp:meta_key>
			<wp:meta_value><![CDATA[2014/08/3.jpg]]></wp:meta_value>
		</wp:postmeta>
		<wp:postmeta>
			<wp:meta_key>_wp_attachment_metadata</wp:meta_key>
			<wp:meta_value><![CDATA[a:5:{s:5:"width";i:1100;s:6:"height";i:619;s:4:"file";s:13:"2014/08/3.jpg";s:5:"sizes";a:19:{s:9:"thumbnail";a:4:{s:4:"file";s:13:"3-150x150.jpg";s:5:"width";i:150;s:6:"height";i:150;s:9:"mime-type";s:10:"image/jpeg";}s:6:"medium";a:4:{s:4:"file";s:13:"3-300x168.jpg";s:5:"width";i:300;s:6:"height";i:168;s:9:"mime-type";s:10:"image/jpeg";}s:5:"large";a:4:{s:4:"file";s:14:"3-1024x576.jpg";s:5:"width";i:1024;s:6:"height";i:576;s:9:"mime-type";s:10:"image/jpeg";}s:16:"portfolio-square";a:4:{s:4:"file";s:13:"3-550x550.jpg";s:5:"width";i:550;s:6:"height";i:550;s:9:"mime-type";s:10:"image/jpeg";}s:19:"portfolio-landscape";a:4:{s:4:"file";s:13:"3-800x600.jpg";s:5:"width";i:800;s:6:"height";i:600;s:9:"mime-type";s:10:"image/jpeg";}s:18:"portfolio-portrait";a:4:{s:4:"file";s:13:"3-600x619.jpg";s:5:"width";i:600;s:6:"height";i:619;s:9:"mime-type";s:10:"image/jpeg";}s:17:"portfolio-default";a:4:{s:4:"file";s:13:"3-550x498.jpg";s:5:"width";i:550;s:6:"height";i:498;s:9:"mime-type";s:10:"image/jpeg";}s:18:"menu-featured-post";a:4:{s:4:"file";s:13:"3-345x198.jpg";s:5:"width";i:345;s:6:"height";i:198;s:9:"mime-type";s:10:"image/jpeg";}s:20:"qode-carousel_slider";a:4:{s:4:"file";s:13:"3-400x260.jpg";s:5:"width";i:400;s:6:"height";i:260;s:9:"mime-type";s:10:"image/jpeg";}s:16:"portfolio_slider";a:4:{s:4:"file";s:13:"3-480x434.jpg";s:5:"width";i:480;s:6:"height";i:434;s:9:"mime-type";s:10:"image/jpeg";}s:25:"portfolio_masonry_regular";a:4:{s:4:"file";s:13:"3-500x500.jpg";s:5:"width";i:500;s:6:"height";i:500;s:9:"mime-type";s:10:"image/jpeg";}s:22:"portfolio_masonry_wide";a:4:{s:4:"file";s:14:"3-1000x500.jpg";s:5:"width";i:1000;s:6:"height";i:500;s:9:"mime-type";s:10:"image/jpeg";}s:22:"portfolio_masonry_tall";a:4:{s:4:"file";s:13:"3-500x619.jpg";s:5:"width";i:500;s:6:"height";i:619;s:9:"mime-type";s:10:"image/jpeg";}s:23:"portfolio_masonry_large";a:4:{s:4:"file";s:14:"3-1000x619.jpg";s:5:"width";i:1000;s:6:"height";i:619;s:9:"mime-type";s:10:"image/jpeg";}s:28:"portfolio_masonry_with_space";a:4:{s:4:"file";s:13:"3-700x393.jpg";s:5:"width";i:700;s:6:"height";i:393;s:9:"mime-type";s:10:"image/jpeg";}s:23:"latest_post_small_image";a:4:{s:4:"file";s:13:"3-125x112.jpg";s:5:"width";i:125;s:6:"height";i:112;s:9:"mime-type";s:10:"image/jpeg";}s:14:"shop_thumbnail";a:4:{s:4:"file";s:12:"3-170x95.jpg";s:5:"width";i:170;s:6:"height";i:95;s:9:"mime-type";s:10:"image/jpeg";}s:12:"shop_catalog";a:4:{s:4:"file";s:13:"3-254x300.jpg";s:5:"width";i:254;s:6:"height";i:300;s:9:"mime-type";s:10:"image/jpeg";}s:11:"shop_single";a:4:{s:4:"file";s:13:"3-538x538.jpg";s:5:"width";i:538;s:6:"height";i:538;s:9:"mime-type";s:10:"image/jpeg";}}s:10:"image_meta";a:10:{s:8:"aperture";i:0;s:6:"credit";s:0:"";s:6:"camera";s:0:"";s:7:"caption";s:0:"";s:17:"created_timestamp";i:0;s:9:"copyright";s:0:"";s:12:"focal_length";i:0;s:3:"iso";i:0;s:13:"shutter_speed";i:0;s:5:"title";s:0:"";}}]]></wp:meta_value>
		</wp:postmeta>
		<wp:postmeta>
			<wp:meta_key>_wp_attachment_image_alt</wp:meta_key>
			<wp:meta_value><![CDATA[a]]></wp:meta_value>
		</wp:postmeta>
	</item>

	
	
	
	
	
	
	
	
	
	
	
	
	
	
	
	
	
	
	
	
	
	
	
	
	
	
	
	
	
	
	
	
	
	
	
	
	
	
	
	
	
	
	
	
	
	
	
	
	
	
	
	
	
	
	
	
	
	
	
	
	
	
	
	
	
	
	
	
	
	
	
	
	
	
	
	
	
	
	
	
	
	
	
	
	
	
	
	
	
	
	
	
	
	
	
	
	
	
	
	
	
	
	
	
	
	
	
	
	
	
	
	
	
	
	
	
	
	
	
	
	
	
	
	
	
	
	
	
	
	
	
	
	
	
	
	
	
	
	
	
	
	
	
	
	
	
	
	
	
	
	
	
	
	
	
	
	
	
	
	
	
	
	
	
	
	
	
</channel>
</rss>
